transaction_id,Date,store_id,store_location,product_id,product_name,category,quantity_sold,unit_price,total_sales,payment_method
1,2/10/2026,1,Rusip,8855,cubilia curae duis faucibus accumsan odio curabitur convallis duis consequat,Electronics,11,342.79,3770.69,Debit Card
2,2/23/2026,6,Luoxi,1634,elementum ligula vehicula consequat morbi a ipsum integer a nibh in quis,Beauty,4,289.12,1156.48,Credit Card
3,7/6/2025,7,Xinchengzi,7164,pellentesque ultrices mattis odio donec vitae nisi nam ultrices libero,Home & Kitchen,11,204.53,2249.83,Mobile Payment
4,9/23/2025,8,Dijon,8005,odio cras mi pede malesuada in imperdiet et commodo vulputate justo in blandit ultrices enim lorem ipsum,Beauty,9,454.4,4089.6,Cash
5,12/23/2025,2,Hafnarfjörður,3072,cursus urna ut tellus nulla ut erat id mauris vulputate elementum nullam varius nulla facilisi,Sports,14,349.72,4896.08,Credit Card
6,10/22/2025,5,Tô Hạp,8360,eros suspendisse accumsan tortor quis turpis sed ante vivamus tortor duis mattis egestas metus aenean fermentum,Beauty,9,298.57,2687.13,Credit Card
7,7/20/2025,5,Ágios Athanásios,6945,lorem integer tincidunt ante vel ipsum praesent blandit lacinia erat vestibulum sed magna at nunc commodo placerat praesent blandit nam,Home & Kitchen,13,121.2,1575.6,Debit Card
8,11/1/2025,3,Salamanca,7504,donec semper sapien a libero nam dui proin leo odio porttitor id consequat in consequat,Electronics,4,117.01,468.04,Mobile Payment
9,4/26/2025,7,Laxiong,9825,metus arcu adipiscing molestie hendrerit at vulputate vitae nisl aenean lectus pellentesque,Sports,13,304.53,3958.89,Credit Card
10,4/28/2025,6,Torres Novas,9841,ac tellus semper interdum mauris ullamcorper purus sit amet nulla quisque arcu libero rutrum ac lobortis vel dapibus at,Electronics,4,166.6,666.4,Mobile Payment
11,1/29/2026,7,Bakung Utara,1126,id nisl venenatis lacinia aenean sit amet justo morbi ut,Electronics,12,393.9,4726.8,Mobile Payment
12,4/26/2025,7,Chenggan,8151,suscipit nulla elit ac nulla sed vel enim sit amet nunc viverra dapibus nulla suscipit ligula in lacus curabitur,Home & Kitchen,17,480.19,8163.23,Mobile Payment
13,2/18/2026,3,Kimberley,2264,eget eleifend luctus ultricies eu nibh quisque id justo sit amet sapien dignissim vestibulum vestibulum ante ipsum primis in,Electronics,20,468.46,9369.2,Credit Card
14,7/6/2025,7,Pantijan No 2,6239,pharetra magna ac consequat metus sapien ut nunc vestibulum ante ipsum primis in faucibus orci luctus et ultrices,Clothing,8,369.45,2955.6,Mobile Payment
15,10/9/2025,3,Baykalovo,3331,non interdum in ante vestibulum ante ipsum primis in faucibus orci luctus,Beauty,4,292.56,1170.24,Debit Card
16,4/20/2025,2,Yunfeng,4672,ut tellus nulla ut erat id mauris vulputate elementum nullam varius nulla facilisi cras non velit nec,Home & Kitchen,18,87.71,1578.78,Cash
17,4/16/2025,3,Toulouse,5321,est risus auctor sed tristique in tempus sit amet sem fusce consequat nulla nisl nunc nisl duis bibendum,Beauty,19,338.41,6429.79,Credit Card
18,6/6/2025,6,Troitskoye,5465,nulla nunc purus phasellus in felis donec semper sapien a libero nam dui proin leo odio,Home & Kitchen,2,161.62,323.24,Credit Card
19,2/9/2026,7,Meicheng,1856,nunc viverra dapibus nulla suscipit ligula in lacus curabitur at ipsum ac tellus semper interdum mauris ullamcorper,Electronics,4,398.65,1594.6,Debit Card
20,9/3/2025,3,Princeville,3476,elementum pellentesque quisque porta volutpat erat quisque erat eros viverra,Clothing,11,342.87,3771.57,Debit Card
21,9/19/2025,7,Shuidong,7593,pretium quis lectus suspendisse potenti in eleifend quam a odio in hac habitasse platea dictumst maecenas,Beauty,18,118.79,2138.22,Credit Card
22,3/4/2026,8,Guamal,1023,et ultrices posuere cubilia curae mauris viverra diam vitae quam suspendisse potenti nullam porttitor lacus at turpis donec posuere,Home & Kitchen,6,173.13,1038.78,Credit Card
23,4/9/2026,5,Tangtou,7110,nibh ligula nec sem duis aliquam convallis nunc proin at turpis a pede posuere nonummy integer,Clothing,8,95.96,767.68,Mobile Payment
24,5/21/2025,7,Umuquena,5986,nec nisi vulputate nonummy maecenas tincidunt lacus at velit vivamus vel nulla,Sports,9,378.16,3403.44,Cash
25,12/6/2025,8,Joševa,6160,ligula suspendisse ornare consequat lectus in est risus auctor sed tristique,Clothing,19,435.39,8272.41,Mobile Payment
26,1/3/2026,2,Tonggoh,1310,in leo maecenas pulvinar lobortis est phasellus sit amet erat nulla tempus vivamus in felis eu sapien cursus,Sports,10,7.91,79.1,Mobile Payment
27,1/16/2026,9,Xiashixiang,2025,ligula in lacus curabitur at ipsum ac tellus semper interdum mauris ullamcorper purus sit amet nulla,Clothing,2,335.8,671.6,Mobile Payment
28,8/3/2025,7,Portão,9654,justo aliquam quis turpis eget elit sodales scelerisque mauris sit amet eros suspendisse accumsan tortor quis,Clothing,4,116.54,466.16,Cash
29,8/1/2025,10,Tianjiazhuang,8756,fusce posuere felis sed lacus morbi sem mauris laoreet ut,Electronics,11,391.55,4307.05,Debit Card
30,9/17/2025,7,Bohumín,2557,porta volutpat erat quisque erat eros viverra eget congue eget semper,Home & Kitchen,15,181.56,2723.4,Debit Card
31,7/4/2025,8,Yaozhanzi,3662,ut volutpat sapien arcu sed augue aliquam erat volutpat in congue etiam justo,Clothing,6,123.44,740.64,Credit Card
32,9/7/2025,7,Xiaoweizhai,8038,lectus suspendisse potenti in eleifend quam a odio in hac habitasse platea dictumst maecenas,Beauty,11,438.79,4826.69,Debit Card
33,12/25/2025,3,Pacapausa,9762,mi integer ac neque duis bibendum morbi non quam nec,Clothing,7,63.52,444.64,Credit Card
34,1/3/2026,9,Dao,1068,duis ac nibh fusce lacus purus aliquet at feugiat non pretium quis lectus suspendisse potenti in,Sports,12,403.55,4842.6,Mobile Payment
35,8/8/2025,5,Rancho Viejo,5447,nisi eu orci mauris lacinia sapien quis libero nullam sit amet,Home & Kitchen,17,33.37,567.29,Debit Card
36,10/15/2025,1,Karuk,8439,vel lectus in quam fringilla rhoncus mauris enim leo rhoncus sed vestibulum sit amet cursus,Beauty,4,72.57,290.28,Credit Card
37,11/19/2025,3,Kunjāh,9249,integer tincidunt ante vel ipsum praesent blandit lacinia erat vestibulum sed magna at nunc commodo placerat praesent,Sports,1,8.92,8.92,Mobile Payment
38,12/8/2025,8,Ninh Hòa,2466,amet diam in magna bibendum imperdiet nullam orci pede venenatis non,Clothing,19,426.32,8100.08,Debit Card
39,4/8/2026,8,Fermelã,7147,a feugiat et eros vestibulum ac est lacinia nisi venenatis tristique fusce congue diam id ornare imperdiet sapien urna,Clothing,9,284.08,2556.72,Debit Card
40,7/28/2025,4,Piaski,1465,justo in hac habitasse platea dictumst etiam faucibus cursus urna,Beauty,4,462.45,1849.8,Debit Card
41,8/25/2025,10,Dietaisi,1826,aenean lectus pellentesque eget nunc donec quis orci eget orci vehicula condimentum curabitur in libero ut,Electronics,15,250.98,3764.7,Debit Card
42,4/13/2025,2,Sollebrunn,5059,primis in faucibus orci luctus et ultrices posuere cubilia curae nulla dapibus,Electronics,5,415.5,2077.5,Cash
43,2/28/2026,7,Madison,4612,aliquet maecenas leo odio condimentum id luctus nec molestie sed justo pellentesque viverra,Electronics,8,476.2,3809.6,Credit Card
44,4/30/2025,8,Yopal,7799,luctus et ultrices posuere cubilia curae nulla dapibus dolor vel est donec odio justo sollicitudin ut suscipit a,Home & Kitchen,4,75.88,303.52,Debit Card
45,5/19/2025,1,Campina Grande,7642,justo lacinia eget tincidunt eget tempus vel pede morbi porttitor lorem id ligula suspendisse ornare consequat lectus in est,Sports,9,114.3,1028.7,Mobile Payment
46,7/19/2025,2,Astana,8978,nisl aenean lectus pellentesque eget nunc donec quis orci eget orci vehicula condimentum,Sports,14,334.91,4688.74,Mobile Payment
47,4/22/2026,1,Caçapava,1013,justo lacinia eget tincidunt eget tempus vel pede morbi porttitor lorem id ligula suspendisse ornare consequat lectus in est risus,Clothing,14,497.64,6966.96,Debit Card
48,4/19/2025,8,Bromölla,3248,at turpis donec posuere metus vitae ipsum aliquam non mauris morbi non lectus aliquam sit amet diam in magna bibendum,Beauty,10,412.35,4123.5,Debit Card
49,3/28/2026,3,Clarines,2841,est donec odio justo sollicitudin ut suscipit a feugiat et eros vestibulum ac est lacinia,Clothing,11,7.08,77.88,Credit Card
50,5/9/2025,9,Irvine,8393,at dolor quis odio consequat varius integer ac leo pellentesque ultrices mattis odio donec vitae nisi nam ultrices libero,Sports,4,220.88,883.52,Credit Card
51,10/15/2025,10,Bantul,6413,mattis egestas metus aenean fermentum donec ut mauris eget massa tempor convallis nulla neque,Home & Kitchen,4,408.42,1633.68,Debit Card
52,3/25/2026,7,Lahān,8973,tincidunt lacus at velit vivamus vel nulla eget eros elementum pellentesque quisque porta volutpat erat quisque erat eros,Home & Kitchen,1,130.73,130.73,Cash
53,5/26/2025,3,Tirana,6501,nisl venenatis lacinia aenean sit amet justo morbi ut odio cras,Clothing,12,37.71,452.52,Mobile Payment
54,12/15/2025,7,Baqiao,4920,ut dolor morbi vel lectus in quam fringilla rhoncus mauris enim leo rhoncus sed,Clothing,2,412.99,825.98,Debit Card
55,4/21/2025,8,Ngurore,2253,amet diam in magna bibendum imperdiet nullam orci pede venenatis non sodales sed tincidunt eu felis fusce posuere,Home & Kitchen,3,313.56,940.68,Mobile Payment
56,5/23/2025,7,Porto Formoso,2999,mauris enim leo rhoncus sed vestibulum sit amet cursus id turpis integer aliquet massa id lobortis convallis tortor risus,Clothing,16,480.24,7683.84,Cash
57,10/25/2025,4,Taen Tengah,3303,massa id lobortis convallis tortor risus dapibus augue vel accumsan tellus nisi eu orci mauris lacinia,Clothing,3,42.64,127.92,Credit Card
58,5/23/2025,3,Zhongcheng,5643,lacus morbi quis tortor id nulla ultrices aliquet maecenas leo odio condimentum id luctus nec molestie sed justo pellentesque viverra,Sports,3,239.15,717.45,Cash
59,1/16/2026,9,Motupe,7002,placerat ante nulla justo aliquam quis turpis eget elit sodales scelerisque mauris sit amet eros suspendisse accumsan tortor,Sports,14,178.18,2494.52,Cash
60,11/5/2025,10,Ostrowsko,3156,eleifend pede libero quis orci nullam molestie nibh in lectus,Sports,17,132.23,2247.91,Debit Card
61,3/21/2026,2,Sumbersih,1371,felis donec semper sapien a libero nam dui proin leo odio porttitor id consequat in consequat ut,Home & Kitchen,20,348.15,6963.0,Mobile Payment
62,10/31/2025,7,Qarah Bāgh Bāzār,2622,libero quis orci nullam molestie nibh in lectus pellentesque at nulla suspendisse potenti,Clothing,18,221.73,3991.14,Cash
63,12/4/2025,10,Khujirt,5599,suscipit ligula in lacus curabitur at ipsum ac tellus semper,Sports,20,23.68,473.6,Debit Card
64,4/27/2026,10,Yiqian,3856,mi nulla ac enim in tempor turpis nec euismod scelerisque quam turpis adipiscing lorem vitae mattis nibh ligula,Clothing,10,299.0,2990.0,Cash
65,12/15/2025,6,Baraguá,5061,ipsum ac tellus semper interdum mauris ullamcorper purus sit amet nulla quisque arcu,Sports,17,151.74,2579.58,Debit Card
66,3/6/2026,10,Huanghuai,9306,accumsan tortor quis turpis sed ante vivamus tortor duis mattis egestas metus aenean fermentum donec,Clothing,1,351.34,351.34,Credit Card
67,5/2/2026,1,Lëbushë,4957,primis in faucibus orci luctus et ultrices posuere cubilia curae donec pharetra magna vestibulum aliquet ultrices erat tortor sollicitudin mi,Electronics,7,409.61,2867.27,Mobile Payment
68,8/23/2025,10,Dinggou,8640,nibh quisque id justo sit amet sapien dignissim vestibulum vestibulum ante ipsum primis in faucibus orci luctus et,Beauty,1,313.66,313.66,Credit Card
69,9/26/2025,10,Bueng Khong Long,4296,sit amet cursus id turpis integer aliquet massa id lobortis convallis,Clothing,8,300.73,2405.84,Debit Card
70,4/7/2025,4,Bago City,3903,semper rutrum nulla nunc purus phasellus in felis donec semper sapien a libero nam dui proin leo odio porttitor id,Clothing,5,373.47,1867.35,Cash
71,4/15/2026,8,Alhos Vedros,8039,morbi porttitor lorem id ligula suspendisse ornare consequat lectus in est risus auctor sed tristique in tempus sit amet,Electronics,1,341.13,341.13,Cash
72,8/26/2025,3,Bakersfield,2639,ligula in lacus curabitur at ipsum ac tellus semper interdum mauris ullamcorper purus sit amet,Sports,16,250.76,4012.16,Cash
73,7/23/2025,9,Tumpang,9449,pretium nisl ut volutpat sapien arcu sed augue aliquam erat volutpat in,Home & Kitchen,7,466.53,3265.71,Mobile Payment
74,4/24/2026,2,Pirassununga,6059,amet diam in magna bibendum imperdiet nullam orci pede venenatis non sodales sed tincidunt,Home & Kitchen,12,162.45,1949.4,Cash
75,2/4/2026,4,Bayanaūyl,7282,interdum eu tincidunt in leo maecenas pulvinar lobortis est phasellus sit amet erat nulla tempus vivamus,Home & Kitchen,2,6.86,13.72,Cash
76,4/16/2025,10,Youdian,6314,lectus vestibulum quam sapien varius ut blandit non interdum in ante vestibulum ante ipsum primis in faucibus orci luctus et,Beauty,19,13.1,248.9,Credit Card
77,4/24/2026,4,Luján de Cuyo,6978,vestibulum ante ipsum primis in faucibus orci luctus et ultrices posuere cubilia curae mauris viverra diam,Home & Kitchen,15,97.47,1462.05,Mobile Payment
78,11/16/2025,3,Huwei,5251,volutpat quam pede lobortis ligula sit amet eleifend pede libero quis orci nullam molestie nibh in,Clothing,3,364.98,1094.94,Mobile Payment
79,8/11/2025,7,Laspezia,4931,amet lobortis sapien sapien non mi integer ac neque duis bibendum morbi non,Clothing,19,252.87,4804.53,Mobile Payment
80,7/23/2025,1,Saint-Germain-en-Laye,9860,quam pharetra magna ac consequat metus sapien ut nunc vestibulum ante ipsum primis in faucibus orci luctus et ultrices,Clothing,14,272.63,3816.82,Mobile Payment
81,2/18/2026,10,São Bento,6801,commodo vulputate justo in blandit ultrices enim lorem ipsum dolor sit amet consectetuer,Sports,6,186.84,1121.04,Credit Card
82,4/18/2026,4,Měnín,3278,sapien quis libero nullam sit amet turpis elementum ligula vehicula consequat morbi,Beauty,20,130.89,2617.8,Credit Card
83,1/23/2026,9,Daugavgrīva,5100,nulla nunc purus phasellus in felis donec semper sapien a libero nam dui proin leo odio,Electronics,20,13.51,270.2,Debit Card
84,12/21/2025,4,Libertador General San Martín,8377,varius nulla facilisi cras non velit nec nisi vulputate nonummy maecenas tincidunt lacus at velit vivamus vel nulla eget eros,Electronics,10,401.54,4015.4,Cash
85,1/1/2026,3,Surup,2654,orci luctus et ultrices posuere cubilia curae duis faucibus accumsan,Electronics,12,220.57,2646.84,Mobile Payment
86,5/13/2025,5,Waco,8264,phasellus sit amet erat nulla tempus vivamus in felis eu sapien cursus vestibulum proin eu,Clothing,19,422.47,8026.93,Cash
87,9/14/2025,5,Taihe,7561,proin risus praesent lectus vestibulum quam sapien varius ut blandit non interdum in ante vestibulum ante ipsum primis,Beauty,6,267.53,1605.18,Credit Card
88,1/13/2026,6,Sidayu,9226,integer ac leo pellentesque ultrices mattis odio donec vitae nisi nam ultrices libero non mattis pulvinar nulla,Home & Kitchen,20,387.81,7756.2,Cash
89,11/29/2025,1,Gaoyi,5537,cras mi pede malesuada in imperdiet et commodo vulputate justo in blandit ultrices,Electronics,1,143.08,143.08,Credit Card
90,3/4/2026,3,San Juan de Limay,9259,cubilia curae nulla dapibus dolor vel est donec odio justo,Home & Kitchen,18,422.62,7607.16,Mobile Payment
91,10/31/2025,9,Kawambwa,7412,ipsum integer a nibh in quis justo maecenas rhoncus aliquam lacus morbi quis tortor id nulla ultrices aliquet maecenas leo,Electronics,3,81.08,243.24,Credit Card
92,9/19/2025,4,Rikitgaib,7332,quisque ut erat curabitur gravida nisi at nibh in hac habitasse platea dictumst aliquam augue,Home & Kitchen,16,126.0,2016.0,Cash
93,11/8/2025,9,Bayanan,2706,adipiscing molestie hendrerit at vulputate vitae nisl aenean lectus pellentesque eget nunc donec,Beauty,3,373.52,1120.56,Cash
94,4/13/2025,5,Longtian,1535,rutrum rutrum neque aenean auctor gravida sem praesent id massa id nisl venenatis lacinia aenean,Electronics,8,81.95,655.6,Debit Card
95,1/20/2026,3,Leonárisso,6284,parturient montes nascetur ridiculus mus etiam vel augue vestibulum rutrum rutrum neque aenean auctor gravida sem praesent id massa id,Electronics,19,164.33,3122.27,Mobile Payment
96,12/28/2025,5,Pomacanchi,9134,augue vestibulum ante ipsum primis in faucibus orci luctus et ultrices posuere cubilia curae donec pharetra magna,Beauty,5,222.07,1110.35,Credit Card
97,2/15/2026,3,Union,5959,sit amet sem fusce consequat nulla nisl nunc nisl duis bibendum felis sed interdum venenatis turpis enim blandit mi,Electronics,6,139.29,835.74,Cash
98,11/2/2025,9,Birao,8413,in congue etiam justo etiam pretium iaculis justo in hac habitasse platea dictumst etiam faucibus cursus,Clothing,18,99.93,1798.74,Credit Card
99,4/6/2025,9,Guyancourt,4362,elementum pellentesque quisque porta volutpat erat quisque erat eros viverra eget,Sports,14,414.22,5799.08,Debit Card
100,3/31/2026,7,Itzer,9593,maecenas leo odio condimentum id luctus nec molestie sed justo pellentesque viverra pede,Electronics,13,378.66,4922.58,Credit Card
101,10/15/2025,2,Qiaozi,5588,id sapien in sapien iaculis congue vivamus metus arcu adipiscing,Clothing,15,446.98,6704.7,Cash
102,4/14/2026,5,Corinto,4531,dui maecenas tristique est et tempus semper est quam pharetra magna ac consequat metus,Clothing,12,123.86,1486.32,Cash
103,4/14/2026,5,Biaoxi,8853,mauris viverra diam vitae quam suspendisse potenti nullam porttitor lacus at turpis donec posuere,Sports,8,390.98,3127.84,Mobile Payment
104,3/22/2026,4,Kristiansand S,6269,nascetur ridiculus mus vivamus vestibulum sagittis sapien cum sociis natoque penatibus et magnis dis,Beauty,20,302.5,6050.0,Debit Card
105,11/17/2025,6,Xiangrong,5790,donec dapibus duis at velit eu est congue elementum in hac habitasse platea dictumst,Sports,2,26.54,53.08,Cash
106,5/6/2025,7,Bail,8401,sit amet eros suspendisse accumsan tortor quis turpis sed ante vivamus,Sports,1,273.06,273.06,Cash
107,7/30/2025,2,Runaway Bay,9449,nisl duis bibendum felis sed interdum venenatis turpis enim blandit mi in porttitor pede,Home & Kitchen,8,60.96,487.68,Mobile Payment
108,9/3/2025,3,Tisno,3422,augue vel accumsan tellus nisi eu orci mauris lacinia sapien quis libero nullam sit amet,Home & Kitchen,6,429.44,2576.64,Mobile Payment
109,11/18/2025,8,Maunuri,8992,curabitur in libero ut massa volutpat convallis morbi odio odio elementum eu interdum eu,Home & Kitchen,3,59.84,179.52,Mobile Payment
110,10/18/2025,7,Xincheng,4561,cras mi pede malesuada in imperdiet et commodo vulputate justo,Sports,6,96.16,576.96,Credit Card
111,4/22/2025,10,Waiwejak,9919,ut odio cras mi pede malesuada in imperdiet et commodo vulputate justo in,Clothing,7,99.05,693.35,Debit Card
112,3/6/2026,6,Lakatoro,3004,augue a suscipit nulla elit ac nulla sed vel enim sit amet nunc viverra dapibus nulla suscipit ligula,Beauty,5,160.91,804.55,Cash
113,4/12/2026,3,New Cebu,2612,amet lobortis sapien sapien non mi integer ac neque duis,Electronics,14,465.18,6512.52,Debit Card
114,12/18/2025,4,Yajiang,1821,orci luctus et ultrices posuere cubilia curae nulla dapibus dolor vel est donec odio,Home & Kitchen,14,471.93,6607.02,Credit Card
115,7/17/2025,1,Kampungbaru,3125,integer ac neque duis bibendum morbi non quam nec dui luctus rutrum nulla tellus,Beauty,6,475.37,2852.22,Credit Card
116,2/25/2026,9,Liandu,3895,in magna bibendum imperdiet nullam orci pede venenatis non sodales sed tincidunt eu felis,Electronics,19,21.14,401.66,Credit Card
117,6/28/2025,3,Timrå,2716,ultrices mattis odio donec vitae nisi nam ultrices libero non mattis pulvinar nulla pede ullamcorper augue,Clothing,7,229.51,1606.57,Mobile Payment
118,1/18/2026,5,General Vedia,5843,ante ipsum primis in faucibus orci luctus et ultrices posuere cubilia curae mauris viverra diam,Home & Kitchen,10,441.01,4410.1,Mobile Payment
119,5/3/2025,3,Gushan,4089,erat id mauris vulputate elementum nullam varius nulla facilisi cras non velit nec nisi vulputate,Electronics,4,20.99,83.96,Mobile Payment
120,4/17/2026,7,Glasgow,7918,tempor convallis nulla neque libero convallis eget eleifend luctus ultricies eu nibh quisque id justo sit amet,Beauty,12,187.73,2252.76,Debit Card
121,6/22/2025,1,Leninogorsk,2426,donec posuere metus vitae ipsum aliquam non mauris morbi non lectus aliquam sit amet diam in magna bibendum imperdiet nullam,Clothing,15,236.93,3553.95,Debit Card
122,1/17/2026,2,Al Qanāyāt,7525,et commodo vulputate justo in blandit ultrices enim lorem ipsum dolor,Beauty,20,398.62,7972.4,Credit Card
123,4/21/2026,5,Marseille,5895,ipsum primis in faucibus orci luctus et ultrices posuere cubilia curae mauris viverra diam vitae quam suspendisse potenti,Electronics,11,188.71,2075.81,Mobile Payment
124,1/26/2026,10,Malaga,1652,duis consequat dui nec nisi volutpat eleifend donec ut dolor morbi vel lectus in quam fringilla rhoncus mauris,Clothing,14,413.49,5788.86,Debit Card
125,6/11/2025,5,Přimda,1797,magnis dis parturient montes nascetur ridiculus mus vivamus vestibulum sagittis sapien cum sociis natoque penatibus et magnis,Electronics,18,495.66,8921.88,Debit Card
126,12/20/2025,10,Thatèng,8691,ultrices phasellus id sapien in sapien iaculis congue vivamus metus arcu adipiscing,Clothing,11,298.15,3279.65,Mobile Payment
127,5/5/2025,3,Bapska,7774,vivamus vestibulum sagittis sapien cum sociis natoque penatibus et magnis dis parturient,Home & Kitchen,16,393.59,6297.44,Debit Card
128,10/4/2025,3,Krajan,1585,aliquet at feugiat non pretium quis lectus suspendisse potenti in,Sports,7,62.89,440.23,Credit Card
129,10/24/2025,2,Извор,6850,suspendisse potenti cras in purus eu magna vulputate luctus cum sociis natoque penatibus et magnis,Home & Kitchen,15,157.67,2365.05,Mobile Payment
130,12/10/2025,1,Heshi,4324,elementum eu interdum eu tincidunt in leo maecenas pulvinar lobortis est phasellus,Clothing,19,460.4,8747.6,Debit Card
131,12/24/2025,7,Otterburn Park,7915,sapien dignissim vestibulum vestibulum ante ipsum primis in faucibus orci luctus et ultrices,Home & Kitchen,18,320.14,5762.52,Credit Card
132,9/4/2025,7,Zyryanovsk,7973,donec posuere metus vitae ipsum aliquam non mauris morbi non lectus aliquam sit amet diam in magna bibendum imperdiet,Clothing,19,222.57,4228.83,Credit Card
133,9/14/2025,7,Viana do Alentejo,8568,nunc vestibulum ante ipsum primis in faucibus orci luctus et ultrices posuere cubilia curae mauris viverra diam vitae quam suspendisse,Sports,12,475.76,5709.12,Credit Card
134,5/22/2025,6,Pljevlja,2728,nec sem duis aliquam convallis nunc proin at turpis a pede posuere nonummy integer non velit donec diam neque vestibulum,Beauty,17,352.48,5992.16,Cash
135,9/20/2025,7,Baolin,3815,arcu adipiscing molestie hendrerit at vulputate vitae nisl aenean lectus pellentesque eget,Beauty,1,495.35,495.35,Mobile Payment
136,3/1/2026,5,Changdai,5670,orci luctus et ultrices posuere cubilia curae mauris viverra diam vitae quam suspendisse potenti nullam porttitor lacus at,Sports,8,325.17,2601.36,Cash
137,2/16/2026,10,Xixiang,7145,ante ipsum primis in faucibus orci luctus et ultrices posuere,Sports,10,284.95,2849.5,Mobile Payment
138,7/29/2025,6,Rathdrum,5281,et ultrices posuere cubilia curae duis faucibus accumsan odio curabitur convallis duis consequat dui nec nisi,Beauty,12,281.99,3383.88,Debit Card
139,12/23/2025,10,Huikou,1935,nulla ultrices aliquet maecenas leo odio condimentum id luctus nec molestie sed justo pellentesque viverra pede ac diam cras,Clothing,13,82.52,1072.76,Debit Card
140,1/18/2026,8,Yedogon,8659,sociis natoque penatibus et magnis dis parturient montes nascetur ridiculus mus etiam vel,Home & Kitchen,19,246.39,4681.41,Credit Card
141,5/24/2025,7,Lamía,7145,et ultrices posuere cubilia curae nulla dapibus dolor vel est donec odio,Electronics,13,196.33,2552.29,Mobile Payment
142,11/9/2025,10,Cunliji,9047,viverra eget congue eget semper rutrum nulla nunc purus phasellus in felis donec semper sapien a libero nam dui,Electronics,17,454.03,7718.51,Debit Card
143,10/16/2025,8,Hroznětín,7313,elit ac nulla sed vel enim sit amet nunc viverra dapibus nulla,Beauty,8,346.76,2774.08,Cash
144,2/10/2026,4,Araci,5296,ac enim in tempor turpis nec euismod scelerisque quam turpis adipiscing lorem vitae mattis nibh ligula nec sem duis aliquam,Sports,2,294.21,588.42,Credit Card
145,12/24/2025,1,Micheng,9829,vestibulum sagittis sapien cum sociis natoque penatibus et magnis dis parturient montes,Home & Kitchen,10,282.63,2826.3,Mobile Payment
146,6/16/2025,10,Biliri,4655,in felis donec semper sapien a libero nam dui proin leo odio porttitor id consequat in consequat ut nulla sed,Clothing,7,306.66,2146.62,Cash
147,3/1/2026,3,Kungsör,2850,augue aliquam erat volutpat in congue etiam justo etiam pretium iaculis justo in,Electronics,14,52.6,736.4,Credit Card
148,4/6/2025,5,Managua,7649,proin at turpis a pede posuere nonummy integer non velit donec diam neque vestibulum eget vulputate ut ultrices vel,Beauty,6,306.87,1841.22,Debit Card
149,7/29/2025,8,Wajir,5035,libero nam dui proin leo odio porttitor id consequat in consequat,Electronics,8,232.21,1857.68,Cash
150,11/16/2025,10,São João dos Montes,3463,eleifend quam a odio in hac habitasse platea dictumst maecenas ut massa quis augue luctus tincidunt nulla,Beauty,11,322.94,3552.34,Debit Card
151,10/7/2025,3,Arari,1858,volutpat convallis morbi odio odio elementum eu interdum eu tincidunt in leo maecenas pulvinar lobortis est phasellus sit,Beauty,7,175.83,1230.81,Debit Card
152,9/26/2025,6,Frýdek-Místek,1585,potenti in eleifend quam a odio in hac habitasse platea dictumst maecenas ut massa quis augue luctus tincidunt nulla mollis,Sports,2,256.85,513.7,Credit Card
153,6/14/2025,10,Felgueiras,9893,faucibus cursus urna ut tellus nulla ut erat id mauris vulputate,Beauty,5,365.35,1826.75,Credit Card
154,10/14/2025,2,Bato,4131,ullamcorper purus sit amet nulla quisque arcu libero rutrum ac lobortis vel dapibus at diam nam tristique tortor,Home & Kitchen,12,143.04,1716.48,Cash
155,4/6/2025,4,Piraí do Sul,1599,quis justo maecenas rhoncus aliquam lacus morbi quis tortor id nulla ultrices aliquet maecenas leo odio condimentum id,Home & Kitchen,6,106.59,639.54,Debit Card
156,3/4/2026,1,Kalisari,8969,neque aenean auctor gravida sem praesent id massa id nisl venenatis lacinia aenean sit amet,Electronics,8,309.91,2479.28,Cash
157,1/12/2026,5,Xianchiyu,8812,faucibus orci luctus et ultrices posuere cubilia curae mauris viverra diam vitae quam suspendisse,Sports,2,421.43,842.86,Credit Card
158,5/2/2026,4,Novotitarovskaya,4247,nullam molestie nibh in lectus pellentesque at nulla suspendisse potenti cras in purus eu magna vulputate luctus,Home & Kitchen,16,166.66,2666.56,Mobile Payment
159,2/15/2026,5,Ugljan,4169,lectus pellentesque eget nunc donec quis orci eget orci vehicula condimentum,Home & Kitchen,8,134.33,1074.64,Credit Card
160,1/27/2026,6,Yangyuan,6233,justo sollicitudin ut suscipit a feugiat et eros vestibulum ac est lacinia nisi venenatis tristique fusce congue diam id ornare,Beauty,1,240.69,240.69,Debit Card
161,8/12/2025,7,Bakuriani,9693,pulvinar lobortis est phasellus sit amet erat nulla tempus vivamus in felis eu sapien cursus vestibulum,Sports,11,251.42,2765.62,Debit Card
162,4/14/2026,6,كاف الجاع,4657,ridiculus mus vivamus vestibulum sagittis sapien cum sociis natoque penatibus et magnis dis,Sports,3,99.5,298.5,Credit Card
163,11/9/2025,2,Libertad,4905,sed lacus morbi sem mauris laoreet ut rhoncus aliquet pulvinar sed nisl nunc rhoncus,Sports,10,37.47,374.7,Debit Card
164,4/9/2026,6,Elvas,1117,turpis integer aliquet massa id lobortis convallis tortor risus dapibus augue vel accumsan tellus nisi eu,Sports,7,62.98,440.86,Mobile Payment
165,5/26/2025,2,Pura,3943,luctus et ultrices posuere cubilia curae duis faucibus accumsan odio curabitur convallis duis consequat dui nec nisi,Sports,13,31.62,411.06,Debit Card
166,9/18/2025,5,Bošnjaci,3257,vivamus vel nulla eget eros elementum pellentesque quisque porta volutpat erat quisque,Home & Kitchen,1,309.39,309.39,Mobile Payment
167,8/22/2025,10,An Naşr,4282,nulla ultrices aliquet maecenas leo odio condimentum id luctus nec molestie sed justo pellentesque,Beauty,15,114.34,1715.1,Credit Card
168,12/29/2025,8,Hāsilpur,2143,maecenas rhoncus aliquam lacus morbi quis tortor id nulla ultrices aliquet,Home & Kitchen,20,464.04,9280.8,Credit Card
169,12/29/2025,2,Pulong Sampalok,5270,ligula nec sem duis aliquam convallis nunc proin at turpis a pede posuere nonummy integer,Electronics,9,267.18,2404.62,Cash
170,8/12/2025,10,Kazo,5640,sociis natoque penatibus et magnis dis parturient montes nascetur ridiculus mus etiam vel,Beauty,17,479.44,8150.48,Mobile Payment
171,3/16/2026,2,Watuweri,9597,habitasse platea dictumst maecenas ut massa quis augue luctus tincidunt nulla mollis molestie lorem quisque ut erat curabitur gravida,Home & Kitchen,11,166.15,1827.65,Credit Card
172,5/2/2025,7,Burgas,6397,arcu libero rutrum ac lobortis vel dapibus at diam nam tristique tortor eu,Electronics,7,109.24,764.68,Credit Card
173,3/29/2026,2,Cikomara,6005,in magna bibendum imperdiet nullam orci pede venenatis non sodales sed tincidunt eu,Electronics,17,249.23,4236.91,Debit Card
174,4/4/2025,9,Cikaduen,8560,in tempus sit amet sem fusce consequat nulla nisl nunc nisl duis,Sports,5,261.06,1305.3,Debit Card
175,11/1/2025,8,Xishan,8881,dapibus duis at velit eu est congue elementum in hac habitasse platea dictumst morbi vestibulum velit id,Beauty,19,115.73,2198.87,Mobile Payment
176,10/22/2025,6,Trancas,3163,praesent id massa id nisl venenatis lacinia aenean sit amet justo morbi ut,Electronics,3,163.54,490.62,Debit Card
177,2/1/2026,8,Unity,2156,dui luctus rutrum nulla tellus in sagittis dui vel nisl duis ac nibh fusce lacus,Electronics,7,107.57,752.99,Debit Card
178,4/24/2026,3,Rumilly,9391,ut volutpat sapien arcu sed augue aliquam erat volutpat in congue etiam justo etiam pretium iaculis justo,Clothing,20,70.07,1401.4,Credit Card
179,5/1/2025,6,Drayton Valley,8758,iaculis diam erat fermentum justo nec condimentum neque sapien placerat,Sports,19,348.32,6618.08,Credit Card
180,4/27/2025,5,Tashang,1824,dolor quis odio consequat varius integer ac leo pellentesque ultrices,Clothing,16,234.08,3745.28,Debit Card
181,5/13/2025,6,Djibouti,7664,lobortis sapien sapien non mi integer ac neque duis bibendum morbi non quam nec,Beauty,7,71.63,501.41,Cash
182,2/1/2026,7,Krzyżanowice,5525,pulvinar sed nisl nunc rhoncus dui vel sem sed sagittis nam congue risus semper porta volutpat quam pede lobortis,Clothing,12,445.53,5346.36,Mobile Payment
183,8/11/2025,9,Litibakul,9679,id nisl venenatis lacinia aenean sit amet justo morbi ut odio cras mi pede malesuada,Sports,12,221.8,2661.6,Credit Card
184,9/4/2025,4,Buliok,4598,accumsan felis ut at dolor quis odio consequat varius integer ac leo pellentesque,Electronics,10,111.09,1110.9,Debit Card
185,5/1/2026,4,Cibenda,1341,lacus morbi sem mauris laoreet ut rhoncus aliquet pulvinar sed nisl nunc rhoncus,Sports,12,377.79,4533.48,Debit Card
186,7/7/2025,5,Shahre Jadide Andisheh,7155,sit amet consectetuer adipiscing elit proin risus praesent lectus vestibulum quam sapien varius ut blandit non interdum,Electronics,6,447.34,2684.04,Cash
187,12/6/2025,3,As Sayyānī,1306,quis lectus suspendisse potenti in eleifend quam a odio in hac habitasse platea dictumst maecenas ut massa quis,Sports,4,443.19,1772.76,Cash
188,1/7/2026,6,Czarnożyły,9221,duis faucibus accumsan odio curabitur convallis duis consequat dui nec,Home & Kitchen,3,93.77,281.31,Debit Card
189,1/7/2026,7,Masinloc,5334,eget tempus vel pede morbi porttitor lorem id ligula suspendisse ornare consequat lectus in est,Clothing,3,157.85,473.55,Debit Card
190,6/20/2025,2,Hongxi,2625,lacinia sapien quis libero nullam sit amet turpis elementum ligula,Home & Kitchen,19,346.48,6583.12,Debit Card
191,8/20/2025,5,Mingyihe,1284,massa volutpat convallis morbi odio odio elementum eu interdum eu tincidunt in leo maecenas,Beauty,6,10.86,65.16,Mobile Payment
192,1/23/2026,2,Haibara,4443,fermentum justo nec condimentum neque sapien placerat ante nulla justo aliquam,Electronics,15,247.13,3706.95,Mobile Payment
193,5/29/2025,10,Shah Alam,8070,nulla tempus vivamus in felis eu sapien cursus vestibulum proin eu mi nulla ac enim in,Beauty,10,65.53,655.3,Mobile Payment
194,12/16/2025,8,Bennäs,4258,dui vel nisl duis ac nibh fusce lacus purus aliquet at feugiat non pretium quis lectus suspendisse potenti in,Sports,3,167.34,502.02,Cash
195,8/17/2025,5,Marietta,9801,odio in hac habitasse platea dictumst maecenas ut massa quis augue luctus tincidunt nulla mollis molestie lorem quisque ut erat,Electronics,4,463.07,1852.28,Credit Card
196,11/23/2025,2,Xinyan,4586,volutpat erat quisque erat eros viverra eget congue eget semper rutrum nulla nunc purus,Electronics,4,493.3,1973.2,Cash
197,3/13/2026,7,Qiangtou,1479,orci luctus et ultrices posuere cubilia curae mauris viverra diam vitae quam suspendisse potenti nullam porttitor lacus at,Home & Kitchen,15,261.38,3920.7,Debit Card
198,1/12/2026,8,Naru,9248,lectus suspendisse potenti in eleifend quam a odio in hac habitasse platea dictumst maecenas ut massa quis augue luctus tincidunt,Home & Kitchen,7,48.07,336.49,Cash
199,4/25/2026,9,Yishi,9385,dolor quis odio consequat varius integer ac leo pellentesque ultrices mattis odio donec vitae nisi nam ultrices libero non,Home & Kitchen,17,318.26,5410.42,Credit Card
200,9/23/2025,5,Tongyu,1193,molestie hendrerit at vulputate vitae nisl aenean lectus pellentesque eget nunc donec,Sports,7,308.79,2161.53,Debit Card
201,7/9/2025,1,Ungheni,5871,sapien in sapien iaculis congue vivamus metus arcu adipiscing molestie hendrerit at,Home & Kitchen,15,207.0,3105.0,Mobile Payment
202,3/28/2026,4,Makata,2193,eget massa tempor convallis nulla neque libero convallis eget eleifend luctus ultricies eu,Home & Kitchen,8,408.35,3266.8,Debit Card
203,9/10/2025,10,Chartres,2438,dolor sit amet consectetuer adipiscing elit proin risus praesent lectus,Clothing,7,443.54,3104.78,Mobile Payment
204,4/30/2026,2,Wat Bot,4571,vestibulum vestibulum ante ipsum primis in faucibus orci luctus et ultrices posuere cubilia curae nulla dapibus dolor,Beauty,20,8.11,162.2,Cash
205,12/31/2025,5,München,1007,duis at velit eu est congue elementum in hac habitasse platea dictumst morbi vestibulum velit,Electronics,8,192.79,1542.32,Cash
206,9/21/2025,10,Libertad,6288,odio justo sollicitudin ut suscipit a feugiat et eros vestibulum ac est lacinia nisi venenatis tristique fusce congue,Beauty,3,72.23,216.69,Credit Card
207,2/6/2026,2,Laon,4559,non mauris morbi non lectus aliquam sit amet diam in magna bibendum,Home & Kitchen,12,367.59,4411.08,Cash
208,5/14/2025,1,Jingxi,6677,bibendum imperdiet nullam orci pede venenatis non sodales sed tincidunt eu felis fusce,Electronics,7,159.4,1115.8,Cash
209,9/6/2025,6,Zhu’ao,3090,feugiat non pretium quis lectus suspendisse potenti in eleifend quam a odio in hac,Home & Kitchen,15,301.89,4528.35,Credit Card
210,1/10/2026,7,Iranduba,2902,aenean fermentum donec ut mauris eget massa tempor convallis nulla neque libero,Beauty,6,409.64,2457.84,Mobile Payment
211,10/18/2025,8,Saint Petersburg,7919,amet consectetuer adipiscing elit proin interdum mauris non ligula pellentesque ultrices phasellus id sapien in sapien iaculis,Electronics,16,144.0,2304.0,Mobile Payment
212,4/2/2026,5,Mpulungu,8777,at nunc commodo placerat praesent blandit nam nulla integer pede justo lacinia,Electronics,7,451.55,3160.85,Mobile Payment
213,9/20/2025,8,Châteauroux,9724,sapien iaculis congue vivamus metus arcu adipiscing molestie hendrerit at vulputate vitae nisl aenean lectus pellentesque eget nunc donec,Clothing,7,458.65,3210.55,Mobile Payment
214,3/9/2026,5,Arbaoua,3529,mauris lacinia sapien quis libero nullam sit amet turpis elementum ligula vehicula consequat morbi a ipsum integer,Sports,1,349.41,349.41,Mobile Payment
215,8/15/2025,1,Lisovi Sorochyntsi,6987,quisque ut erat curabitur gravida nisi at nibh in hac habitasse platea dictumst aliquam augue quam sollicitudin vitae,Home & Kitchen,18,451.64,8129.52,Mobile Payment
216,6/10/2025,9,Petropavlovsk,6705,duis aliquam convallis nunc proin at turpis a pede posuere nonummy integer non velit donec,Electronics,12,318.7,3824.4,Credit Card
217,8/1/2025,4,Motuo,7389,turpis integer aliquet massa id lobortis convallis tortor risus dapibus augue vel accumsan tellus,Sports,19,60.84,1155.96,Debit Card
218,5/3/2026,5,Wuxia,6521,lobortis ligula sit amet eleifend pede libero quis orci nullam molestie nibh in lectus,Clothing,14,91.37,1279.18,Mobile Payment
219,9/30/2025,3,Takahama,1134,in faucibus orci luctus et ultrices posuere cubilia curae nulla dapibus dolor,Clothing,15,468.5,7027.5,Credit Card
220,3/18/2026,1,Vratsa,8011,adipiscing elit proin risus praesent lectus vestibulum quam sapien varius ut blandit non interdum in ante vestibulum ante,Home & Kitchen,2,176.24,352.48,Mobile Payment
221,6/22/2025,5,Piojó,4624,purus sit amet nulla quisque arcu libero rutrum ac lobortis,Home & Kitchen,2,207.72,415.44,Mobile Payment
222,9/9/2025,10,Xiayang,2532,lectus pellentesque eget nunc donec quis orci eget orci vehicula condimentum curabitur in libero ut massa volutpat convallis,Beauty,5,400.37,2001.85,Credit Card
223,9/10/2025,8,Shidong,6852,nisl ut volutpat sapien arcu sed augue aliquam erat volutpat in congue etiam,Beauty,20,461.79,9235.8,Mobile Payment
224,4/14/2025,1,Zhize,1803,aliquet ultrices erat tortor sollicitudin mi sit amet lobortis sapien sapien,Home & Kitchen,12,31.97,383.64,Mobile Payment
225,1/3/2026,7,Muramvya,7391,faucibus cursus urna ut tellus nulla ut erat id mauris vulputate elementum nullam varius,Home & Kitchen,4,8.21,32.84,Mobile Payment
226,10/23/2025,8,Hongguang,4932,nulla ut erat id mauris vulputate elementum nullam varius nulla facilisi cras non velit,Clothing,3,30.53,91.59,Credit Card
227,7/17/2025,7,Chichigalpa,3026,accumsan odio curabitur convallis duis consequat dui nec nisi volutpat eleifend donec,Electronics,13,357.85,4652.05,Cash
228,10/31/2025,3,Las Vegas,6035,augue vestibulum ante ipsum primis in faucibus orci luctus et ultrices posuere cubilia curae donec,Home & Kitchen,9,220.15,1981.35,Debit Card
229,4/25/2026,7,Bantarjati,3561,ultrices erat tortor sollicitudin mi sit amet lobortis sapien sapien non,Sports,20,335.93,6718.6,Mobile Payment
230,5/10/2025,5,Tunjë,7114,ultrices enim lorem ipsum dolor sit amet consectetuer adipiscing elit proin interdum mauris non ligula pellentesque ultrices,Home & Kitchen,20,380.95,7619.0,Credit Card
231,8/26/2025,2,Biankouma,3312,vestibulum sed magna at nunc commodo placerat praesent blandit nam nulla,Electronics,1,351.95,351.95,Debit Card
232,4/7/2025,8,Smoky Lake,6065,congue etiam justo etiam pretium iaculis justo in hac habitasse platea dictumst etiam faucibus cursus,Electronics,20,136.87,2737.4,Cash
233,12/16/2025,1,Pontes,8460,augue vestibulum ante ipsum primis in faucibus orci luctus et ultrices posuere cubilia curae,Clothing,2,402.06,804.12,Cash
234,5/8/2025,1,Pagelaran,3541,morbi vestibulum velit id pretium iaculis diam erat fermentum justo nec condimentum neque sapien placerat ante nulla justo aliquam,Clothing,1,57.21,57.21,Credit Card
235,10/3/2025,4,Santo Niño,1526,phasellus in felis donec semper sapien a libero nam dui,Beauty,14,365.79,5121.06,Debit Card
236,12/12/2025,4,Tangnan,6062,ligula in lacus curabitur at ipsum ac tellus semper interdum mauris ullamcorper purus sit amet nulla quisque arcu,Sports,3,491.2,1473.6,Debit Card
237,2/5/2026,6,Dallas,3609,pretium iaculis diam erat fermentum justo nec condimentum neque sapien placerat ante nulla justo,Sports,4,92.59,370.36,Debit Card
238,10/24/2025,9,Nazareth,8294,eu interdum eu tincidunt in leo maecenas pulvinar lobortis est phasellus sit amet erat,Beauty,6,45.6,273.6,Credit Card
239,3/27/2026,7,Bidyā,3309,eget tempus vel pede morbi porttitor lorem id ligula suspendisse ornare,Electronics,1,39.37,39.37,Cash
240,8/25/2025,5,Port-de-Paix,3208,id mauris vulputate elementum nullam varius nulla facilisi cras non velit nec nisi vulputate nonummy,Clothing,15,338.58,5078.7,Credit Card
241,8/27/2025,1,Santa Cruz,8001,suspendisse potenti cras in purus eu magna vulputate luctus cum sociis natoque penatibus et,Clothing,8,465.99,3727.92,Cash
242,2/25/2026,2,Zhanlong,1357,ullamcorper augue a suscipit nulla elit ac nulla sed vel enim sit amet nunc,Electronics,3,321.12,963.36,Mobile Payment
243,8/29/2025,6,Sukasari,4474,bibendum imperdiet nullam orci pede venenatis non sodales sed tincidunt eu felis fusce posuere felis sed lacus morbi sem mauris,Electronics,17,449.85,7647.45,Debit Card
244,10/12/2025,7,Durham,1057,tellus nisi eu orci mauris lacinia sapien quis libero nullam sit amet turpis elementum ligula vehicula consequat,Home & Kitchen,1,309.2,309.2,Credit Card
245,5/9/2025,2,Khūgyāṉī,8769,ornare imperdiet sapien urna pretium nisl ut volutpat sapien arcu sed augue aliquam erat volutpat in,Beauty,17,174.16,2960.72,Debit Card
246,11/12/2025,3,Capivari,9472,augue quam sollicitudin vitae consectetuer eget rutrum at lorem integer tincidunt,Home & Kitchen,8,174.39,1395.12,Credit Card
247,12/24/2025,10,Kalininaul,8199,id massa id nisl venenatis lacinia aenean sit amet justo morbi ut odio cras,Sports,3,75.06,225.18,Credit Card
248,9/10/2025,2,Colca,7717,tempus sit amet sem fusce consequat nulla nisl nunc nisl duis bibendum felis sed interdum venenatis,Home & Kitchen,9,137.89,1241.01,Mobile Payment
249,2/16/2026,2,Naguilian,9916,turpis a pede posuere nonummy integer non velit donec diam neque vestibulum eget vulputate ut ultrices vel augue,Home & Kitchen,12,206.61,2479.32,Cash
250,6/2/2025,5,Maha Sarakham,2033,felis eu sapien cursus vestibulum proin eu mi nulla ac enim in tempor turpis nec euismod,Beauty,8,401.93,3215.44,Mobile Payment
251,1/27/2026,6,Monastyrishche,4323,vitae nisi nam ultrices libero non mattis pulvinar nulla pede ullamcorper,Home & Kitchen,16,22.16,354.56,Mobile Payment
252,12/14/2025,7,Florida,9364,elementum ligula vehicula consequat morbi a ipsum integer a nibh in,Home & Kitchen,2,194.12,388.24,Cash
253,2/9/2026,7,Triteh,1917,pellentesque at nulla suspendisse potenti cras in purus eu magna vulputate luctus cum sociis natoque penatibus,Electronics,18,435.1,7831.8,Debit Card
254,4/20/2026,4,Maceda,1530,congue elementum in hac habitasse platea dictumst morbi vestibulum velit id pretium,Sports,1,352.85,352.85,Debit Card
255,6/2/2025,1,Sanban,8320,in leo maecenas pulvinar lobortis est phasellus sit amet erat nulla tempus vivamus in felis eu sapien cursus,Electronics,7,149.59,1047.13,Cash
256,1/25/2026,6,Gandara,3800,quis odio consequat varius integer ac leo pellentesque ultrices mattis odio donec vitae nisi nam ultrices,Electronics,11,23.18,254.98,Mobile Payment
257,2/18/2026,9,Viana do Castelo,8430,vestibulum eget vulputate ut ultrices vel augue vestibulum ante ipsum primis in faucibus,Electronics,19,139.75,2655.25,Mobile Payment
258,7/18/2025,8,Ölgiy,9460,sem praesent id massa id nisl venenatis lacinia aenean sit amet justo morbi ut odio,Sports,15,240.82,3612.3,Cash
259,1/7/2026,2,Aksakovo,2549,mi pede malesuada in imperdiet et commodo vulputate justo in blandit ultrices enim lorem ipsum,Beauty,7,387.58,2713.06,Mobile Payment
260,11/19/2025,8,Tubajon,3550,mollis molestie lorem quisque ut erat curabitur gravida nisi at nibh in hac,Home & Kitchen,12,177.36,2128.32,Cash
261,11/11/2025,6,Caraga,5883,ante ipsum primis in faucibus orci luctus et ultrices posuere cubilia curae nulla dapibus dolor vel est,Home & Kitchen,12,389.83,4677.96,Credit Card
262,11/27/2025,8,Jingxiyuan,4071,sem sed sagittis nam congue risus semper porta volutpat quam pede lobortis ligula sit amet eleifend pede libero,Home & Kitchen,7,488.1,3416.7,Debit Card
263,3/26/2026,8,Trinidad,4444,sit amet diam in magna bibendum imperdiet nullam orci pede venenatis non sodales,Electronics,13,5.72,74.36,Debit Card
264,7/2/2025,7,Padangtiji,9371,odio justo sollicitudin ut suscipit a feugiat et eros vestibulum ac est lacinia nisi,Sports,20,342.54,6850.8,Mobile Payment
265,4/25/2026,8,Efkarpía,3878,in faucibus orci luctus et ultrices posuere cubilia curae nulla dapibus dolor vel est,Sports,20,269.63,5392.6,Cash
266,12/16/2025,10,Wojsławice,4483,metus vitae ipsum aliquam non mauris morbi non lectus aliquam sit amet diam,Home & Kitchen,13,383.31,4983.03,Credit Card
267,3/14/2026,3,Téra,4526,maecenas ut massa quis augue luctus tincidunt nulla mollis molestie lorem quisque ut erat curabitur,Home & Kitchen,18,386.0,6948.0,Credit Card
268,2/21/2026,4,Shishan,8913,ullamcorper purus sit amet nulla quisque arcu libero rutrum ac lobortis vel dapibus at,Electronics,2,100.2,200.4,Credit Card
269,1/25/2026,4,São José de Mipibu,2083,ut volutpat sapien arcu sed augue aliquam erat volutpat in congue etiam justo etiam pretium iaculis justo,Clothing,17,342.01,5814.17,Cash
270,5/9/2025,5,Bolilao,7194,suspendisse potenti nullam porttitor lacus at turpis donec posuere metus vitae ipsum aliquam non,Electronics,19,167.18,3176.42,Debit Card
271,12/17/2025,10,Truskavets,5878,et tempus semper est quam pharetra magna ac consequat metus,Clothing,3,271.36,814.08,Debit Card
272,6/21/2025,10,Nevinnomyssk,2282,pulvinar lobortis est phasellus sit amet erat nulla tempus vivamus in felis eu sapien cursus vestibulum,Sports,17,190.38,3236.46,Debit Card
273,6/28/2025,9,Týn nad Vltavou,4442,ac enim in tempor turpis nec euismod scelerisque quam turpis adipiscing lorem vitae,Home & Kitchen,13,483.96,6291.48,Credit Card
274,7/27/2025,9,Penanggungan,1678,est et tempus semper est quam pharetra magna ac consequat metus sapien ut nunc vestibulum ante ipsum,Sports,19,16.57,314.83,Mobile Payment
275,8/1/2025,3,Funan Chengguanzhen,4704,est lacinia nisi venenatis tristique fusce congue diam id ornare imperdiet sapien urna pretium nisl ut volutpat sapien,Clothing,11,325.2,3577.2,Cash
276,4/24/2025,8,Omutninsk,7220,turpis integer aliquet massa id lobortis convallis tortor risus dapibus augue,Home & Kitchen,3,495.5,1486.5,Cash
277,1/7/2026,3,Sertânia,7908,duis aliquam convallis nunc proin at turpis a pede posuere nonummy integer non velit donec diam neque vestibulum eget,Sports,17,430.8,7323.6,Credit Card
278,3/12/2026,8,Tarko-Sale,9415,morbi porttitor lorem id ligula suspendisse ornare consequat lectus in est risus auctor sed tristique in tempus sit,Electronics,5,255.3,1276.5,Cash
279,8/5/2025,6,Noeltoko,7168,rhoncus mauris enim leo rhoncus sed vestibulum sit amet cursus id turpis integer aliquet massa id,Beauty,7,377.87,2645.09,Credit Card
280,5/2/2026,5,Amancio,4675,at feugiat non pretium quis lectus suspendisse potenti in eleifend quam a odio in hac habitasse,Sports,1,448.15,448.15,Credit Card
281,11/25/2025,5,Nogueira,4912,euismod scelerisque quam turpis adipiscing lorem vitae mattis nibh ligula nec sem duis,Beauty,6,180.69,1084.14,Debit Card
282,4/12/2026,6,Berlin,8828,blandit lacinia erat vestibulum sed magna at nunc commodo placerat praesent,Electronics,16,348.99,5583.84,Credit Card
283,11/11/2025,7,Paloh,4577,volutpat convallis morbi odio odio elementum eu interdum eu tincidunt in leo maecenas pulvinar lobortis est,Beauty,4,285.73,1142.92,Mobile Payment
284,5/3/2026,8,Tiexi,7193,magnis dis parturient montes nascetur ridiculus mus etiam vel augue vestibulum rutrum rutrum neque aenean auctor gravida sem praesent,Clothing,4,224.68,898.72,Cash
285,12/12/2025,4,Karajeun,1223,posuere cubilia curae mauris viverra diam vitae quam suspendisse potenti nullam porttitor lacus at,Sports,14,446.75,6254.5,Debit Card
286,12/27/2025,3,Itapeva,2622,faucibus cursus urna ut tellus nulla ut erat id mauris,Beauty,13,256.93,3340.09,Cash
287,10/3/2025,4,Adrasmon,9760,nibh ligula nec sem duis aliquam convallis nunc proin at turpis a pede posuere nonummy integer non velit donec,Clothing,11,214.32,2357.52,Cash
288,8/28/2025,1,Żarów,3416,diam erat fermentum justo nec condimentum neque sapien placerat ante nulla justo aliquam quis,Clothing,7,46.65,326.55,Cash
289,4/15/2026,6,Sumbersih,4545,laoreet ut rhoncus aliquet pulvinar sed nisl nunc rhoncus dui vel sem sed sagittis nam congue,Electronics,10,47.78,477.8,Mobile Payment
290,8/8/2025,3,Sufang,3837,ornare imperdiet sapien urna pretium nisl ut volutpat sapien arcu sed,Electronics,5,110.99,554.95,Mobile Payment
291,9/24/2025,5,Izyum,1157,curae mauris viverra diam vitae quam suspendisse potenti nullam porttitor,Home & Kitchen,16,80.38,1286.08,Debit Card
292,6/21/2025,10,Shanhou,6115,justo nec condimentum neque sapien placerat ante nulla justo aliquam quis,Sports,9,410.68,3696.12,Mobile Payment
293,4/24/2025,9,Wates,9723,pulvinar sed nisl nunc rhoncus dui vel sem sed sagittis nam congue risus semper porta volutpat quam pede lobortis ligula,Beauty,10,397.45,3974.5,Mobile Payment
294,2/26/2026,3,Dakoutun,7363,in eleifend quam a odio in hac habitasse platea dictumst maecenas,Electronics,7,338.93,2372.51,Mobile Payment
295,8/9/2025,10,Kiiminki,8715,nisl venenatis lacinia aenean sit amet justo morbi ut odio cras mi pede malesuada in imperdiet et commodo,Home & Kitchen,16,409.17,6546.72,Debit Card
296,7/24/2025,6,Seydi,2401,sit amet consectetuer adipiscing elit proin interdum mauris non ligula pellentesque ultrices,Home & Kitchen,8,80.77,646.16,Debit Card
297,7/13/2025,3,Yongqin,8318,eget orci vehicula condimentum curabitur in libero ut massa volutpat convallis morbi odio odio elementum eu interdum eu,Sports,7,446.92,3128.44,Credit Card
298,2/25/2026,3,Kashihara-shi,7740,magna vestibulum aliquet ultrices erat tortor sollicitudin mi sit amet lobortis sapien sapien non mi integer ac neque,Electronics,20,463.04,9260.8,Debit Card
299,11/20/2025,9,Borovan,9810,molestie hendrerit at vulputate vitae nisl aenean lectus pellentesque eget nunc donec quis orci eget orci vehicula condimentum curabitur,Clothing,9,306.22,2755.98,Cash
300,9/27/2025,9,Upton,9585,luctus et ultrices posuere cubilia curae donec pharetra magna vestibulum aliquet ultrices erat tortor sollicitudin mi sit amet lobortis,Electronics,11,216.6,2382.6,Mobile Payment
301,9/11/2025,10,Qingtaiping,9735,justo etiam pretium iaculis justo in hac habitasse platea dictumst etiam faucibus,Home & Kitchen,19,351.66,6681.54,Cash
302,10/9/2025,3,Lavaltrie,8177,lectus pellentesque eget nunc donec quis orci eget orci vehicula condimentum curabitur in,Electronics,8,262.54,2100.32,Mobile Payment
303,4/11/2025,6,Mahuta,2865,sem mauris laoreet ut rhoncus aliquet pulvinar sed nisl nunc rhoncus dui vel sem sed,Clothing,5,147.53,737.65,Debit Card
304,9/24/2025,6,Madolenihm Municipality Government,3144,amet diam in magna bibendum imperdiet nullam orci pede venenatis non sodales sed tincidunt eu,Home & Kitchen,15,465.19,6977.85,Debit Card
305,8/1/2025,5,Baizhu,2748,congue diam id ornare imperdiet sapien urna pretium nisl ut volutpat sapien arcu sed augue aliquam erat,Clothing,11,141.63,1557.93,Cash
306,2/21/2026,4,Prokhladnyy,9591,ipsum ac tellus semper interdum mauris ullamcorper purus sit amet nulla quisque arcu libero rutrum ac lobortis vel dapibus,Electronics,20,100.87,2017.4,Credit Card
307,9/6/2025,8,Tuzhai,9976,dapibus augue vel accumsan tellus nisi eu orci mauris lacinia sapien quis libero,Clothing,9,166.6,1499.4,Credit Card
308,2/8/2026,2,Gununggoong,8260,nulla integer pede justo lacinia eget tincidunt eget tempus vel,Beauty,17,472.45,8031.65,Credit Card
309,4/20/2026,10,Orguz,3481,at ipsum ac tellus semper interdum mauris ullamcorper purus sit amet nulla quisque arcu libero rutrum ac lobortis,Sports,9,82.08,738.72,Cash
310,6/10/2025,4,Santiago,3192,eros elementum pellentesque quisque porta volutpat erat quisque erat eros viverra eget congue eget semper rutrum,Beauty,3,491.26,1473.78,Debit Card
311,11/6/2025,4,Laoqiao,9918,orci pede venenatis non sodales sed tincidunt eu felis fusce posuere felis sed lacus morbi sem mauris,Clothing,18,390.67,7032.06,Credit Card
312,4/17/2025,3,Kelungkung,3015,tempor turpis nec euismod scelerisque quam turpis adipiscing lorem vitae mattis nibh ligula nec sem duis aliquam convallis nunc proin,Clothing,3,36.3,108.9,Debit Card
313,6/10/2025,1,Bilicenii Vechi,5207,potenti in eleifend quam a odio in hac habitasse platea dictumst maecenas ut massa quis augue luctus tincidunt nulla mollis,Home & Kitchen,7,198.09,1386.63,Credit Card
314,3/21/2026,7,Amarillo,3016,sapien iaculis congue vivamus metus arcu adipiscing molestie hendrerit at vulputate vitae nisl aenean,Beauty,12,78.22,938.64,Credit Card
315,4/23/2025,9,Barvinkove,9872,nec sem duis aliquam convallis nunc proin at turpis a pede posuere nonummy integer,Home & Kitchen,11,32.5,357.5,Credit Card
316,11/10/2025,5,Cikondang,2995,quisque id justo sit amet sapien dignissim vestibulum vestibulum ante ipsum,Beauty,12,430.77,5169.24,Debit Card
317,4/30/2026,2,Yalukou,3510,placerat praesent blandit nam nulla integer pede justo lacinia eget tincidunt eget,Home & Kitchen,12,59.07,708.84,Cash
318,10/27/2025,9,Muang Phôn-Hông,4744,quis tortor id nulla ultrices aliquet maecenas leo odio condimentum id luctus nec molestie,Electronics,14,43.23,605.22,Mobile Payment
319,6/8/2025,10,Sovetakan,2209,risus dapibus augue vel accumsan tellus nisi eu orci mauris lacinia sapien quis libero nullam,Sports,14,476.05,6664.7,Credit Card
320,5/6/2025,1,Kresna,2074,in tempus sit amet sem fusce consequat nulla nisl nunc,Electronics,1,279.9,279.9,Debit Card
321,6/18/2025,1,Starominskaya,5529,aenean lectus pellentesque eget nunc donec quis orci eget orci vehicula condimentum curabitur in libero ut massa volutpat convallis,Beauty,12,118.86,1426.32,Debit Card
322,6/7/2025,8,Ceará Mirim,3816,in felis eu sapien cursus vestibulum proin eu mi nulla,Home & Kitchen,2,85.78,171.56,Cash
323,12/11/2025,7,Balazar,8624,eget orci vehicula condimentum curabitur in libero ut massa volutpat convallis morbi odio odio elementum eu interdum eu tincidunt,Sports,12,331.2,3974.4,Debit Card
324,5/1/2025,6,Giesteira,3471,curabitur at ipsum ac tellus semper interdum mauris ullamcorper purus sit amet nulla quisque arcu libero rutrum ac,Sports,1,144.11,144.11,Debit Card
325,1/17/2026,3,Bang Krathum,6260,ultricies eu nibh quisque id justo sit amet sapien dignissim vestibulum vestibulum ante ipsum primis in faucibus orci,Home & Kitchen,10,68.88,688.8,Mobile Payment
326,4/16/2025,4,Buenavista,1105,nascetur ridiculus mus etiam vel augue vestibulum rutrum rutrum neque aenean auctor gravida sem praesent id massa id nisl,Home & Kitchen,10,284.54,2845.4,Mobile Payment
327,6/1/2025,1,Shajing,8330,turpis a pede posuere nonummy integer non velit donec diam neque,Home & Kitchen,16,197.95,3167.2,Mobile Payment
328,1/30/2026,10,Khujirt,7854,nec nisi volutpat eleifend donec ut dolor morbi vel lectus in quam fringilla rhoncus mauris enim leo rhoncus sed,Clothing,18,486.87,8763.66,Debit Card
329,10/25/2025,5,Jizhou,8635,in hac habitasse platea dictumst morbi vestibulum velit id pretium iaculis diam erat fermentum justo nec condimentum neque sapien,Home & Kitchen,5,422.54,2112.7,Mobile Payment
330,7/6/2025,3,Pithári,8352,interdum in ante vestibulum ante ipsum primis in faucibus orci luctus et ultrices posuere cubilia curae duis,Beauty,4,324.4,1297.6,Debit Card
331,8/7/2025,5,Khairpur,5910,consequat morbi a ipsum integer a nibh in quis justo maecenas rhoncus,Home & Kitchen,8,134.52,1076.16,Credit Card
332,5/31/2025,3,Borgarnes,3206,tortor id nulla ultrices aliquet maecenas leo odio condimentum id luctus,Electronics,13,106.24,1381.12,Cash
333,11/18/2025,7,Gampaha,2160,congue etiam justo etiam pretium iaculis justo in hac habitasse platea dictumst etiam faucibus,Home & Kitchen,4,240.77,963.08,Debit Card
334,10/26/2025,6,Putrajaya,7449,rhoncus sed vestibulum sit amet cursus id turpis integer aliquet massa,Electronics,17,149.73,2545.41,Cash
335,1/28/2026,9,Barreirinhas,9764,venenatis tristique fusce congue diam id ornare imperdiet sapien urna pretium nisl ut volutpat sapien arcu sed,Sports,15,141.11,2116.65,Debit Card
336,8/2/2025,4,Montluçon,3935,vel enim sit amet nunc viverra dapibus nulla suscipit ligula in,Sports,2,290.55,581.1,Mobile Payment
337,10/7/2025,6,Melekyne,8952,eu mi nulla ac enim in tempor turpis nec euismod scelerisque,Clothing,15,54.55,818.25,Cash
338,4/28/2026,2,København,3353,dis parturient montes nascetur ridiculus mus vivamus vestibulum sagittis sapien cum sociis natoque penatibus et,Sports,8,109.57,876.56,Credit Card
339,12/21/2025,3,Taraban Timur,6419,diam cras pellentesque volutpat dui maecenas tristique est et tempus semper est quam pharetra,Clothing,11,440.83,4849.13,Mobile Payment
340,7/2/2025,5,New-Richmond,9575,sed ante vivamus tortor duis mattis egestas metus aenean fermentum donec ut mauris eget massa,Electronics,12,458.01,5496.12,Mobile Payment
341,2/5/2026,7,Shifo,3787,in magna bibendum imperdiet nullam orci pede venenatis non sodales sed tincidunt eu felis fusce posuere felis sed lacus morbi,Electronics,1,56.03,56.03,Credit Card
342,7/4/2025,2,Dongsheng,4437,tincidunt in leo maecenas pulvinar lobortis est phasellus sit amet erat nulla tempus vivamus in felis eu,Electronics,11,54.49,599.39,Debit Card
343,12/21/2025,1,Guayaquil,1868,id pretium iaculis diam erat fermentum justo nec condimentum neque sapien placerat ante nulla justo aliquam,Beauty,10,307.12,3071.2,Credit Card
344,11/13/2025,5,Solo,8845,nulla facilisi cras non velit nec nisi vulputate nonummy maecenas tincidunt lacus at velit vivamus vel nulla eget eros elementum,Electronics,10,461.9,4619.0,Debit Card
345,8/18/2025,1,Turmus‘ayyā,6840,aliquet pulvinar sed nisl nunc rhoncus dui vel sem sed sagittis nam congue risus semper porta volutpat quam,Beauty,9,360.58,3245.22,Cash
346,1/31/2026,4,Mont-Laurier,2118,pellentesque at nulla suspendisse potenti cras in purus eu magna vulputate luctus cum,Electronics,13,52.1,677.3,Credit Card
347,8/24/2025,1,Béré,4512,aenean fermentum donec ut mauris eget massa tempor convallis nulla neque libero convallis eget eleifend luctus ultricies eu nibh quisque,Home & Kitchen,8,234.4,1875.2,Cash
348,9/10/2025,3,Châteauroux,5132,odio cras mi pede malesuada in imperdiet et commodo vulputate,Home & Kitchen,20,457.23,9144.6,Credit Card
349,11/7/2025,5,Pangtangis Dajah,2700,felis ut at dolor quis odio consequat varius integer ac leo pellentesque ultrices mattis odio,Sports,20,228.26,4565.2,Credit Card
350,3/30/2026,9,Palangkaraya,7084,vel sem sed sagittis nam congue risus semper porta volutpat quam pede,Sports,10,135.47,1354.7,Cash
351,12/6/2025,9,Huangzhawan,1532,aliquet pulvinar sed nisl nunc rhoncus dui vel sem sed sagittis nam congue risus semper,Electronics,7,84.1,588.7,Debit Card
352,4/19/2026,9,Hangou,6047,odio consequat varius integer ac leo pellentesque ultrices mattis odio donec vitae nisi nam,Beauty,5,301.73,1508.65,Mobile Payment
353,11/26/2025,1,Tirtopuro,5678,quis lectus suspendisse potenti in eleifend quam a odio in hac habitasse platea dictumst maecenas ut massa quis augue,Electronics,5,239.75,1198.75,Cash
354,8/26/2025,10,Kerrobert,4491,nulla quisque arcu libero rutrum ac lobortis vel dapibus at,Home & Kitchen,1,60.44,60.44,Mobile Payment
355,11/13/2025,2,Manacsac,6247,donec dapibus duis at velit eu est congue elementum in hac habitasse platea dictumst morbi vestibulum velit id,Beauty,5,241.88,1209.4,Mobile Payment
356,12/22/2025,7,Levashi,8993,etiam justo etiam pretium iaculis justo in hac habitasse platea dictumst etiam faucibus cursus urna ut tellus nulla ut erat,Beauty,18,19.65,353.7,Cash
357,1/21/2026,4,Kuala Belait,6678,enim lorem ipsum dolor sit amet consectetuer adipiscing elit proin interdum mauris non ligula pellentesque ultrices phasellus id,Clothing,13,492.59,6403.67,Debit Card
358,11/14/2025,6,Qianzhou,2263,nullam varius nulla facilisi cras non velit nec nisi vulputate nonummy,Sports,10,233.34,2333.4,Mobile Payment
359,10/3/2025,4,Maae,5710,etiam faucibus cursus urna ut tellus nulla ut erat id mauris vulputate elementum nullam varius nulla facilisi cras,Electronics,19,389.75,7405.25,Mobile Payment
360,5/10/2025,10,Qelëz,6722,magnis dis parturient montes nascetur ridiculus mus vivamus vestibulum sagittis,Home & Kitchen,6,171.56,1029.36,Cash
361,9/4/2025,5,De la Paz,9818,accumsan odio curabitur convallis duis consequat dui nec nisi volutpat eleifend donec ut dolor morbi vel lectus in quam,Clothing,17,413.23,7024.91,Mobile Payment
362,10/20/2025,4,Izborsk,2898,rhoncus aliquam lacus morbi quis tortor id nulla ultrices aliquet maecenas leo odio condimentum,Electronics,13,101.57,1320.41,Debit Card
363,10/9/2025,5,Cruz Alta,1162,molestie nibh in lectus pellentesque at nulla suspendisse potenti cras in purus eu magna vulputate luctus cum sociis natoque,Beauty,18,259.36,4668.48,Cash
364,1/17/2026,2,Youdian,9131,nulla tellus in sagittis dui vel nisl duis ac nibh fusce,Beauty,16,489.91,7838.56,Mobile Payment
365,6/3/2025,2,Changgucheng,5747,posuere nonummy integer non velit donec diam neque vestibulum eget vulputate ut,Sports,13,335.77,4365.01,Debit Card
366,1/20/2026,7,Yanac,3736,in faucibus orci luctus et ultrices posuere cubilia curae nulla dapibus dolor,Sports,16,248.79,3980.64,Cash
367,5/2/2026,9,Prigi,3191,iaculis justo in hac habitasse platea dictumst etiam faucibus cursus urna ut,Beauty,17,449.64,7643.88,Credit Card
368,11/17/2025,7,Yingcui,1169,mauris ullamcorper purus sit amet nulla quisque arcu libero rutrum ac lobortis vel dapibus at,Home & Kitchen,18,7.33,131.94,Mobile Payment
369,2/5/2026,5,Diavatós,8172,vulputate luctus cum sociis natoque penatibus et magnis dis parturient montes,Clothing,13,119.55,1554.15,Debit Card
370,8/26/2025,2,Bonneville,1062,mi nulla ac enim in tempor turpis nec euismod scelerisque quam turpis adipiscing,Sports,18,45.49,818.82,Debit Card
371,7/2/2025,7,Kurlovo,6341,at vulputate vitae nisl aenean lectus pellentesque eget nunc donec quis orci eget orci vehicula condimentum curabitur,Sports,2,457.42,914.84,Mobile Payment
372,8/31/2025,5,Kochani,1098,purus sit amet nulla quisque arcu libero rutrum ac lobortis vel dapibus at diam,Sports,12,47.03,564.36,Credit Card
373,2/16/2026,5,Gemo,9421,volutpat convallis morbi odio odio elementum eu interdum eu tincidunt in leo maecenas pulvinar lobortis,Sports,1,78.56,78.56,Debit Card
374,4/30/2026,4,Yangshan,5696,vel augue vestibulum ante ipsum primis in faucibus orci luctus et ultrices posuere,Electronics,2,210.27,420.54,Cash
375,12/9/2025,2,Umm Şalāl ‘Alī,8906,proin at turpis a pede posuere nonummy integer non velit donec diam neque vestibulum eget,Electronics,16,204.08,3265.28,Debit Card
376,10/16/2025,5,Lýkeio,6311,mi pede malesuada in imperdiet et commodo vulputate justo in blandit ultrices,Home & Kitchen,13,487.87,6342.31,Credit Card
377,10/8/2025,10,Zhangtan,8660,praesent id massa id nisl venenatis lacinia aenean sit amet justo morbi ut odio cras mi,Clothing,6,194.85,1169.1,Mobile Payment
378,11/21/2025,4,Haoraoshan,3367,congue etiam justo etiam pretium iaculis justo in hac habitasse platea dictumst etiam faucibus cursus urna ut tellus nulla,Clothing,14,36.31,508.34,Debit Card
379,10/21/2025,3,Zhaolingpu,5673,a odio in hac habitasse platea dictumst maecenas ut massa quis augue luctus tincidunt nulla mollis molestie lorem,Sports,1,380.06,380.06,Debit Card
380,7/16/2025,3,Hamar,6973,orci luctus et ultrices posuere cubilia curae duis faucibus accumsan odio curabitur convallis duis consequat dui,Sports,12,310.6,3727.2,Credit Card
381,4/18/2025,7,Alemanguan,9993,primis in faucibus orci luctus et ultrices posuere cubilia curae donec pharetra magna vestibulum aliquet ultrices erat tortor,Electronics,1,293.2,293.2,Debit Card
382,4/12/2025,2,Worcester,6104,faucibus cursus urna ut tellus nulla ut erat id mauris vulputate elementum nullam varius,Beauty,7,128.83,901.81,Mobile Payment
383,5/20/2025,3,Cempaka,1470,turpis enim blandit mi in porttitor pede justo eu massa donec dapibus duis at velit eu est congue,Clothing,1,203.8,203.8,Debit Card
384,8/13/2025,3,Bauang,4518,consequat metus sapien ut nunc vestibulum ante ipsum primis in faucibus orci luctus et ultrices posuere,Beauty,18,333.5,6003.0,Mobile Payment
385,4/30/2026,4,Tugu,2299,erat quisque erat eros viverra eget congue eget semper rutrum nulla nunc purus phasellus in felis donec semper sapien,Electronics,20,382.58,7651.6,Mobile Payment
386,10/4/2025,5,Villazón,1968,lacus at velit vivamus vel nulla eget eros elementum pellentesque quisque porta volutpat erat,Sports,2,76.38,152.76,Cash
387,5/29/2025,1,Sempol,6790,sed augue aliquam erat volutpat in congue etiam justo etiam pretium,Beauty,4,257.1,1028.4,Mobile Payment
388,11/24/2025,5,Yŏnmu,6127,nisl nunc rhoncus dui vel sem sed sagittis nam congue risus semper porta volutpat quam pede,Home & Kitchen,1,476.19,476.19,Mobile Payment
389,5/31/2025,6,Nizhniy Kurkuzhin,9373,dolor morbi vel lectus in quam fringilla rhoncus mauris enim leo rhoncus,Electronics,12,220.41,2644.92,Credit Card
390,11/12/2025,8,Naivasha,6346,porttitor id consequat in consequat ut nulla sed accumsan felis ut at dolor,Clothing,8,312.09,2496.72,Credit Card
391,10/17/2025,7,Honglong,8452,consequat metus sapien ut nunc vestibulum ante ipsum primis in faucibus,Beauty,18,103.02,1854.36,Cash
392,4/20/2026,6,Ivanovo,6123,ultrices libero non mattis pulvinar nulla pede ullamcorper augue a suscipit nulla elit ac nulla sed,Clothing,16,120.68,1930.88,Credit Card
393,8/18/2025,7,Sobhādero,9364,ut erat id mauris vulputate elementum nullam varius nulla facilisi cras,Home & Kitchen,1,215.67,215.67,Credit Card
394,3/4/2026,7,Tomislavgrad,3051,adipiscing elit proin risus praesent lectus vestibulum quam sapien varius ut blandit non interdum in ante vestibulum ante ipsum,Clothing,18,64.77,1165.86,Cash
395,4/28/2025,5,Chiara,5250,morbi porttitor lorem id ligula suspendisse ornare consequat lectus in est risus,Sports,17,273.93,4656.81,Credit Card
396,9/6/2025,6,Ainaži,5933,congue etiam justo etiam pretium iaculis justo in hac habitasse platea dictumst etiam faucibus cursus urna,Clothing,8,289.22,2313.76,Mobile Payment
397,12/24/2025,9,Dandu,6318,fusce consequat nulla nisl nunc nisl duis bibendum felis sed interdum venenatis turpis enim blandit mi in,Electronics,12,269.38,3232.56,Debit Card
398,3/19/2026,8,Bagou,6103,suscipit ligula in lacus curabitur at ipsum ac tellus semper interdum mauris ullamcorper purus sit amet,Sports,3,361.73,1085.19,Mobile Payment
399,7/16/2025,2,Krajan Karanganyar,3073,et ultrices posuere cubilia curae nulla dapibus dolor vel est,Clothing,5,86.82,434.1,Mobile Payment
400,2/21/2026,7,Tarnogskiy Gorodok,5858,suspendisse potenti in eleifend quam a odio in hac habitasse platea dictumst maecenas,Electronics,11,385.81,4243.91,Cash
401,7/11/2025,10,Makedonski Brod,1410,sapien dignissim vestibulum vestibulum ante ipsum primis in faucibus orci luctus et ultrices posuere,Home & Kitchen,3,321.77,965.31,Mobile Payment
402,4/2/2026,4,Yantian,4558,rhoncus dui vel sem sed sagittis nam congue risus semper porta volutpat quam pede lobortis ligula,Beauty,1,456.52,456.52,Mobile Payment
403,10/6/2025,1,Tangkilsari,3936,vivamus in felis eu sapien cursus vestibulum proin eu mi nulla ac enim in tempor turpis nec euismod scelerisque,Home & Kitchen,1,450.32,450.32,Cash
404,6/29/2025,9,Pindi Bhattiān,8373,sem duis aliquam convallis nunc proin at turpis a pede posuere nonummy integer non velit,Home & Kitchen,18,359.25,6466.5,Debit Card
405,12/29/2025,1,Rungis,8981,urna pretium nisl ut volutpat sapien arcu sed augue aliquam erat,Electronics,8,248.76,1990.08,Credit Card
406,5/1/2026,10,Shah Alam,5688,facilisi cras non velit nec nisi vulputate nonummy maecenas tincidunt lacus at velit vivamus vel,Clothing,14,232.55,3255.7,Cash
407,11/7/2025,10,Komsomolets,3497,ut erat curabitur gravida nisi at nibh in hac habitasse platea dictumst aliquam augue quam sollicitudin vitae consectetuer eget,Electronics,15,188.85,2832.75,Credit Card
408,8/5/2025,7,Vänersborg,6878,arcu adipiscing molestie hendrerit at vulputate vitae nisl aenean lectus pellentesque eget nunc donec,Sports,3,376.89,1130.67,Debit Card
409,6/2/2025,3,Apeldoorn,9915,rutrum at lorem integer tincidunt ante vel ipsum praesent blandit lacinia erat vestibulum sed magna,Electronics,6,21.64,129.84,Credit Card
410,5/14/2025,3,Pavlovskaya,8735,posuere cubilia curae mauris viverra diam vitae quam suspendisse potenti,Electronics,7,314.53,2201.71,Mobile Payment
411,5/15/2025,6,Lapuyan,6365,elementum in hac habitasse platea dictumst morbi vestibulum velit id pretium iaculis diam,Electronics,2,156.78,313.56,Debit Card
412,3/10/2026,9,La Guadalupe,3558,quis tortor id nulla ultrices aliquet maecenas leo odio condimentum id luctus nec molestie sed justo pellentesque viverra,Sports,4,267.6,1070.4,Mobile Payment
413,2/8/2026,4,Shengtang,4672,pharetra magna vestibulum aliquet ultrices erat tortor sollicitudin mi sit amet lobortis sapien sapien non mi,Home & Kitchen,1,390.47,390.47,Mobile Payment
414,4/25/2026,2,Echarate,1548,ut odio cras mi pede malesuada in imperdiet et commodo,Electronics,19,220.94,4197.86,Debit Card
415,6/12/2025,10,Heqian,1164,semper est quam pharetra magna ac consequat metus sapien ut nunc vestibulum,Electronics,16,337.98,5407.68,Cash
416,11/9/2025,10,Phetchabun,6930,sit amet cursus id turpis integer aliquet massa id lobortis convallis tortor,Beauty,7,265.2,1856.4,Debit Card
417,10/20/2025,2,Wulan Haye,8011,ultrices erat tortor sollicitudin mi sit amet lobortis sapien sapien non mi integer ac,Clothing,3,304.99,914.97,Credit Card
418,4/12/2025,6,Kaesŏng,2525,parturient montes nascetur ridiculus mus vivamus vestibulum sagittis sapien cum sociis natoque,Beauty,17,226.42,3849.14,Cash
419,6/7/2025,2,Černý Most,6911,consequat lectus in est risus auctor sed tristique in tempus sit amet sem fusce consequat nulla,Home & Kitchen,16,233.85,3741.6,Debit Card
420,8/1/2025,2,Isfara,6864,diam neque vestibulum eget vulputate ut ultrices vel augue vestibulum ante ipsum primis in,Beauty,20,259.07,5181.4,Credit Card
421,7/14/2025,5,Michałowice,4605,libero ut massa volutpat convallis morbi odio odio elementum eu interdum eu tincidunt in leo maecenas,Clothing,20,393.53,7870.6,Credit Card
422,6/26/2025,2,Bryansk,4037,lorem vitae mattis nibh ligula nec sem duis aliquam convallis nunc proin,Electronics,2,278.4,556.8,Debit Card
423,9/9/2025,4,Kazan,4736,faucibus orci luctus et ultrices posuere cubilia curae mauris viverra diam vitae quam suspendisse potenti nullam porttitor lacus at,Beauty,15,428.14,6422.1,Mobile Payment
424,4/12/2026,2,Caçapava do Sul,7840,vestibulum aliquet ultrices erat tortor sollicitudin mi sit amet lobortis sapien sapien non mi,Clothing,18,177.34,3192.12,Cash
425,4/13/2026,2,Shanmei,5183,lorem vitae mattis nibh ligula nec sem duis aliquam convallis nunc proin at turpis a pede posuere,Beauty,12,152.22,1826.64,Debit Card
426,2/15/2026,9,Nogueira,4341,viverra pede ac diam cras pellentesque volutpat dui maecenas tristique est et tempus semper est quam pharetra magna ac,Clothing,3,186.3,558.9,Mobile Payment
427,4/14/2025,2,Sukamulya,5015,curabitur in libero ut massa volutpat convallis morbi odio odio elementum eu interdum,Electronics,8,41.82,334.56,Credit Card
428,2/4/2026,10,Saint-Constant,1050,orci eget orci vehicula condimentum curabitur in libero ut massa volutpat convallis,Clothing,11,258.55,2844.05,Credit Card
429,4/30/2026,8,Souto,8676,sapien arcu sed augue aliquam erat volutpat in congue etiam justo etiam pretium iaculis justo in hac habitasse platea,Clothing,2,41.95,83.9,Debit Card
430,4/7/2025,1,Siqiao,2818,dui nec nisi volutpat eleifend donec ut dolor morbi vel lectus in quam fringilla rhoncus mauris enim leo,Clothing,16,99.45,1591.2,Cash
431,3/27/2026,8,Tiguion,9292,elementum nullam varius nulla facilisi cras non velit nec nisi vulputate nonummy maecenas tincidunt lacus at velit vivamus vel,Electronics,20,304.47,6089.4,Mobile Payment
432,9/20/2025,2,Banjar Pekandelan,9500,quam turpis adipiscing lorem vitae mattis nibh ligula nec sem duis aliquam convallis nunc proin at,Home & Kitchen,4,286.28,1145.12,Debit Card
433,12/30/2025,1,Denver,5557,sapien non mi integer ac neque duis bibendum morbi non quam nec dui luctus rutrum,Beauty,6,297.39,1784.34,Cash
434,11/16/2025,1,New Bedford,6924,pellentesque at nulla suspendisse potenti cras in purus eu magna vulputate luctus cum sociis natoque penatibus et,Beauty,20,350.05,7001.0,Credit Card
435,7/24/2025,5,Yambol,9779,purus sit amet nulla quisque arcu libero rutrum ac lobortis vel dapibus at diam nam tristique tortor eu pede,Beauty,17,463.3,7876.1,Credit Card
436,2/13/2026,7,Orurillo,8421,justo eu massa donec dapibus duis at velit eu est congue elementum in hac habitasse platea dictumst morbi,Electronics,5,121.75,608.75,Debit Card
437,5/22/2025,1,Tamamura,6430,eget nunc donec quis orci eget orci vehicula condimentum curabitur in libero ut,Beauty,7,447.21,3130.47,Debit Card
438,5/17/2025,10,Carenang Lor,2100,a feugiat et eros vestibulum ac est lacinia nisi venenatis tristique fusce congue diam id ornare imperdiet,Sports,16,282.83,4525.28,Mobile Payment
439,4/10/2025,3,Minamata,6287,potenti nullam porttitor lacus at turpis donec posuere metus vitae,Clothing,5,134.51,672.55,Debit Card
440,10/27/2025,6,Saint-Tite,2905,nullam sit amet turpis elementum ligula vehicula consequat morbi a ipsum integer,Electronics,19,150.03,2850.57,Credit Card
441,4/13/2025,4,Lamawan,1470,porta volutpat quam pede lobortis ligula sit amet eleifend pede libero quis orci nullam,Electronics,2,291.59,583.18,Cash
442,5/15/2025,2,Sorinomo,8381,vitae mattis nibh ligula nec sem duis aliquam convallis nunc proin at turpis a pede posuere nonummy,Beauty,10,285.98,2859.8,Cash
443,7/7/2025,4,Wuguishan,5885,id ornare imperdiet sapien urna pretium nisl ut volutpat sapien arcu sed augue aliquam erat volutpat,Beauty,17,107.66,1830.22,Mobile Payment
444,12/22/2025,5,Kusak,5667,rutrum neque aenean auctor gravida sem praesent id massa id nisl venenatis lacinia aenean sit,Clothing,1,11.94,11.94,Cash
445,12/7/2025,2,Kampokpok,3154,lectus aliquam sit amet diam in magna bibendum imperdiet nullam orci pede venenatis non sodales sed tincidunt eu,Electronics,14,238.43,3338.02,Credit Card
446,6/22/2025,7,Pangrumasan,2501,magnis dis parturient montes nascetur ridiculus mus vivamus vestibulum sagittis sapien cum,Beauty,1,362.88,362.88,Debit Card
447,4/25/2026,4,Härnösand,8411,lorem integer tincidunt ante vel ipsum praesent blandit lacinia erat vestibulum sed magna at nunc commodo placerat praesent blandit,Home & Kitchen,9,477.56,4298.04,Credit Card
448,9/30/2025,4,Buenavista,4845,augue luctus tincidunt nulla mollis molestie lorem quisque ut erat,Clothing,4,138.07,552.28,Credit Card
449,4/11/2025,2,Rio Largo,4732,luctus et ultrices posuere cubilia curae mauris viverra diam vitae quam,Clothing,17,338.69,5757.73,Mobile Payment
450,6/22/2025,4,Tinogasta,2374,lorem ipsum dolor sit amet consectetuer adipiscing elit proin risus praesent lectus vestibulum quam sapien varius ut blandit,Home & Kitchen,7,38.94,272.58,Credit Card
451,11/25/2025,5,‘Afīf,6311,nisi at nibh in hac habitasse platea dictumst aliquam augue quam sollicitudin vitae,Beauty,11,144.39,1588.29,Cash
452,10/7/2025,3,Kokas,2995,in ante vestibulum ante ipsum primis in faucibus orci luctus et ultrices,Sports,20,366.79,7335.8,Credit Card
453,5/23/2025,2,Osinniki,4821,vestibulum rutrum rutrum neque aenean auctor gravida sem praesent id massa,Beauty,9,117.16,1054.44,Cash
454,8/27/2025,5,Tekeli,3505,iaculis diam erat fermentum justo nec condimentum neque sapien placerat ante nulla justo,Electronics,15,308.28,4624.2,Debit Card
455,5/30/2025,8,Nong Bun Nak,6855,ultrices mattis odio donec vitae nisi nam ultrices libero non mattis pulvinar nulla pede,Clothing,5,65.9,329.5,Debit Card
456,7/12/2025,6,La‘l,7192,sapien sapien non mi integer ac neque duis bibendum morbi non quam nec dui luctus rutrum nulla tellus in,Electronics,9,417.22,3754.98,Debit Card
457,12/16/2025,8,Padaan,1802,mauris laoreet ut rhoncus aliquet pulvinar sed nisl nunc rhoncus dui vel sem sed sagittis nam,Home & Kitchen,1,286.74,286.74,Credit Card
458,7/9/2025,9,Píritu,8877,nisl duis ac nibh fusce lacus purus aliquet at feugiat non,Home & Kitchen,17,32.64,554.88,Cash
459,3/7/2026,1,Yessentuki,7717,turpis donec posuere metus vitae ipsum aliquam non mauris morbi non lectus aliquam sit amet diam,Clothing,9,487.99,4391.91,Debit Card
460,11/12/2025,9,El Peñón,2829,in faucibus orci luctus et ultrices posuere cubilia curae nulla dapibus dolor vel est donec,Beauty,18,171.23,3082.14,Mobile Payment
461,12/27/2025,3,Lukou,4545,parturient montes nascetur ridiculus mus etiam vel augue vestibulum rutrum,Electronics,20,148.64,2972.8,Cash
462,8/9/2025,9,Tanggulangin,5358,duis aliquam convallis nunc proin at turpis a pede posuere,Beauty,9,344.37,3099.33,Debit Card
463,6/3/2025,4,Hamonggolele,1714,luctus et ultrices posuere cubilia curae duis faucibus accumsan odio curabitur convallis duis consequat,Sports,7,317.79,2224.53,Credit Card
464,10/14/2025,6,Oslo,6401,turpis eget elit sodales scelerisque mauris sit amet eros suspendisse accumsan tortor quis,Beauty,4,420.86,1683.44,Debit Card
465,9/24/2025,1,Netanya,4451,justo nec condimentum neque sapien placerat ante nulla justo aliquam quis turpis eget elit sodales scelerisque mauris,Beauty,8,256.84,2054.72,Debit Card
466,4/12/2026,7,Pio,7516,condimentum neque sapien placerat ante nulla justo aliquam quis turpis eget elit sodales scelerisque mauris sit,Electronics,20,196.97,3939.4,Mobile Payment
467,3/27/2026,9,Göteborg,4857,dictumst maecenas ut massa quis augue luctus tincidunt nulla mollis molestie lorem quisque ut erat curabitur gravida nisi at,Sports,4,396.93,1587.72,Cash
468,10/18/2025,5,Huicheng,9918,eleifend luctus ultricies eu nibh quisque id justo sit amet sapien dignissim vestibulum vestibulum ante ipsum primis in faucibus orci,Beauty,12,22.14,265.68,Mobile Payment
469,6/13/2025,9,Galle,5073,aenean sit amet justo morbi ut odio cras mi pede malesuada in imperdiet et commodo vulputate justo in,Clothing,9,262.99,2366.91,Credit Card
470,10/27/2025,4,Thị Trấn Yên Ninh,1103,quis turpis eget elit sodales scelerisque mauris sit amet eros suspendisse accumsan tortor quis turpis sed ante vivamus tortor duis,Electronics,8,374.21,2993.68,Cash
471,4/4/2026,5,Łeba,2057,ac nibh fusce lacus purus aliquet at feugiat non pretium quis lectus suspendisse potenti in eleifend quam a odio in,Electronics,9,228.78,2059.02,Credit Card
472,10/12/2025,2,Gaoqiao,1332,lacus purus aliquet at feugiat non pretium quis lectus suspendisse,Sports,6,412.51,2475.06,Cash
473,12/30/2025,4,Yaguarón,3695,natoque penatibus et magnis dis parturient montes nascetur ridiculus mus,Sports,2,307.07,614.14,Credit Card
474,10/31/2025,9,Grati Satu,3805,convallis nulla neque libero convallis eget eleifend luctus ultricies eu nibh quisque id justo sit amet sapien,Clothing,1,334.34,334.34,Credit Card
475,9/19/2025,4,San Antonio,5380,rhoncus sed vestibulum sit amet cursus id turpis integer aliquet massa id lobortis convallis tortor risus dapibus,Electronics,12,314.55,3774.6,Mobile Payment
476,4/8/2026,9,Puerto López,1016,morbi porttitor lorem id ligula suspendisse ornare consequat lectus in est,Clothing,9,182.14,1639.26,Cash
477,7/11/2025,8,Peixing,8710,sit amet cursus id turpis integer aliquet massa id lobortis,Sports,5,200.82,1004.1,Mobile Payment
478,3/7/2026,5,Jiangkou,9532,sociis natoque penatibus et magnis dis parturient montes nascetur ridiculus mus vivamus vestibulum sagittis sapien,Sports,17,149.75,2545.75,Credit Card
479,10/25/2025,6,Szeged,8443,nec condimentum neque sapien placerat ante nulla justo aliquam quis turpis eget elit sodales scelerisque mauris sit amet,Home & Kitchen,13,289.7,3766.1,Credit Card
480,11/13/2025,4,Néa Plágia,3089,dolor sit amet consectetuer adipiscing elit proin risus praesent lectus vestibulum quam sapien varius ut blandit,Sports,12,14.78,177.36,Mobile Payment
481,6/25/2025,5,Kharagauli,4534,sit amet erat nulla tempus vivamus in felis eu sapien cursus vestibulum proin,Home & Kitchen,13,42.78,556.14,Credit Card
482,9/4/2025,8,Porto de Mós,4492,fusce consequat nulla nisl nunc nisl duis bibendum felis sed interdum venenatis turpis,Beauty,13,9.54,124.02,Debit Card
483,8/14/2025,9,Rzewnie,7547,sed nisl nunc rhoncus dui vel sem sed sagittis nam congue risus semper porta volutpat quam pede lobortis ligula,Clothing,4,56.57,226.28,Mobile Payment
484,10/23/2025,2,Chai Nat,1629,in quis justo maecenas rhoncus aliquam lacus morbi quis tortor id nulla ultrices,Clothing,14,252.85,3539.9,Credit Card
485,7/7/2025,3,Boneng,6586,nibh fusce lacus purus aliquet at feugiat non pretium quis lectus suspendisse potenti in eleifend,Sports,11,81.86,900.46,Mobile Payment
486,2/5/2026,4,Šid,8251,et ultrices posuere cubilia curae mauris viverra diam vitae quam suspendisse potenti,Clothing,12,120.95,1451.4,Debit Card
487,12/10/2025,6,Vista Hermosa,8474,pede malesuada in imperdiet et commodo vulputate justo in blandit ultrices enim lorem ipsum dolor sit amet consectetuer adipiscing elit,Home & Kitchen,19,16.26,308.94,Cash
488,4/21/2026,4,Jiezi,9056,fringilla rhoncus mauris enim leo rhoncus sed vestibulum sit amet cursus id turpis integer aliquet massa id lobortis convallis,Electronics,18,341.2,6141.6,Debit Card
489,5/4/2025,6,Paris 15,4255,lobortis ligula sit amet eleifend pede libero quis orci nullam molestie nibh in lectus pellentesque at,Electronics,3,227.68,683.04,Cash
490,6/17/2025,7,Thap Khlo,8232,vitae consectetuer eget rutrum at lorem integer tincidunt ante vel ipsum,Beauty,11,61.35,674.85,Cash
491,7/22/2025,6,Quinjalca,4445,ultrices mattis odio donec vitae nisi nam ultrices libero non mattis pulvinar nulla pede ullamcorper augue,Sports,11,278.39,3062.29,Cash
492,4/30/2025,7,Mtsensk,6889,suspendisse accumsan tortor quis turpis sed ante vivamus tortor duis mattis egestas metus aenean fermentum donec ut mauris,Beauty,12,407.81,4893.72,Credit Card
493,4/25/2025,3,Volgograd,5905,augue luctus tincidunt nulla mollis molestie lorem quisque ut erat curabitur gravida nisi at,Clothing,17,374.82,6371.94,Credit Card
494,3/28/2026,8,Moramanga,4891,tempor turpis nec euismod scelerisque quam turpis adipiscing lorem vitae mattis nibh ligula nec sem duis aliquam convallis nunc,Beauty,17,213.21,3624.57,Cash
495,9/14/2025,3,Lianhua,1569,porttitor id consequat in consequat ut nulla sed accumsan felis ut at,Clothing,4,357.61,1430.44,Debit Card
496,4/5/2025,3,Dean,5675,vestibulum aliquet ultrices erat tortor sollicitudin mi sit amet lobortis sapien sapien non mi integer ac neque duis bibendum morbi,Sports,18,411.18,7401.24,Credit Card
497,1/18/2026,3,Bené Beraq,6109,accumsan tellus nisi eu orci mauris lacinia sapien quis libero nullam sit amet turpis elementum ligula vehicula consequat,Home & Kitchen,13,302.54,3933.02,Debit Card
498,6/21/2025,2,Arlington,5194,quis justo maecenas rhoncus aliquam lacus morbi quis tortor id,Clothing,1,141.45,141.45,Cash
499,4/16/2025,8,Tanshan,9041,consequat lectus in est risus auctor sed tristique in tempus sit amet,Home & Kitchen,9,10.89,98.01,Mobile Payment
500,11/4/2025,4,Cirompang,3984,eget congue eget semper rutrum nulla nunc purus phasellus in felis donec semper sapien a libero nam dui proin,Home & Kitchen,20,256.59,5131.8,Debit Card
501,4/6/2025,4,Huilongshan,5464,in tempor turpis nec euismod scelerisque quam turpis adipiscing lorem vitae,Sports,9,318.4,2865.6,Cash
502,8/4/2025,5,Souto,3630,interdum venenatis turpis enim blandit mi in porttitor pede justo eu massa donec dapibus duis at velit,Sports,9,427.15,3844.35,Cash
503,7/18/2025,7,Thiès Nones,7328,in tempor turpis nec euismod scelerisque quam turpis adipiscing lorem vitae mattis nibh ligula nec,Home & Kitchen,18,267.45,4814.1,Credit Card
504,7/16/2025,8,Durazno,1973,leo maecenas pulvinar lobortis est phasellus sit amet erat nulla,Beauty,16,141.1,2257.6,Mobile Payment
505,7/1/2025,2,Charlotte Amalie,2148,enim leo rhoncus sed vestibulum sit amet cursus id turpis integer aliquet massa id lobortis convallis tortor risus,Home & Kitchen,6,9.91,59.46,Mobile Payment
506,6/29/2025,8,Calamba,5106,volutpat convallis morbi odio odio elementum eu interdum eu tincidunt in leo maecenas pulvinar,Sports,6,431.28,2587.68,Mobile Payment
507,2/8/2026,10,Bamban,3203,eget orci vehicula condimentum curabitur in libero ut massa volutpat convallis morbi,Sports,2,303.83,607.66,Credit Card
508,12/9/2025,3,Trunovskoye,6664,eu sapien cursus vestibulum proin eu mi nulla ac enim in tempor turpis nec euismod scelerisque,Sports,17,238.28,4050.76,Cash
509,1/3/2026,3,Shiogama,7892,mi pede malesuada in imperdiet et commodo vulputate justo in blandit ultrices,Beauty,9,486.15,4375.35,Debit Card
510,7/19/2025,5,Shitang,5660,ac est lacinia nisi venenatis tristique fusce congue diam id ornare imperdiet sapien urna pretium nisl,Beauty,5,141.51,707.55,Debit Card
511,4/20/2025,5,Damai,5322,elementum eu interdum eu tincidunt in leo maecenas pulvinar lobortis est phasellus sit amet erat,Sports,14,222.75,3118.5,Debit Card
512,9/19/2025,3,Andong,1735,non velit donec diam neque vestibulum eget vulputate ut ultrices,Clothing,15,170.98,2564.7,Mobile Payment
513,12/10/2025,10,Lukunor,5208,orci luctus et ultrices posuere cubilia curae nulla dapibus dolor vel est donec odio,Sports,1,148.11,148.11,Mobile Payment
514,2/1/2026,9,Chambly,4496,sapien cursus vestibulum proin eu mi nulla ac enim in tempor turpis nec euismod scelerisque,Home & Kitchen,10,256.85,2568.5,Cash
515,2/5/2026,4,Parada de Todeia,6843,vitae ipsum aliquam non mauris morbi non lectus aliquam sit amet,Sports,15,300.36,4505.4,Debit Card
516,11/28/2025,3,Paratinga,4461,augue luctus tincidunt nulla mollis molestie lorem quisque ut erat curabitur,Sports,9,95.35,858.15,Mobile Payment
517,9/9/2025,8,Qingxi,6968,ipsum primis in faucibus orci luctus et ultrices posuere cubilia curae mauris,Electronics,12,405.59,4867.08,Cash
518,1/10/2026,2,Wisznice,7711,pede posuere nonummy integer non velit donec diam neque vestibulum eget vulputate ut ultrices vel augue,Clothing,15,152.79,2291.85,Cash
519,10/2/2025,3,Ccuntuma,3087,purus phasellus in felis donec semper sapien a libero nam dui proin leo odio porttitor id consequat,Electronics,7,145.78,1020.46,Cash
520,12/27/2025,7,Ouro Preto do Oeste,9587,consectetuer eget rutrum at lorem integer tincidunt ante vel ipsum praesent blandit lacinia erat vestibulum sed magna at nunc,Beauty,17,271.85,4621.45,Debit Card
521,5/9/2025,5,Bunog,5147,vulputate elementum nullam varius nulla facilisi cras non velit nec nisi vulputate nonummy,Electronics,18,210.16,3782.88,Debit Card
522,1/27/2026,2,Pisaras,3039,orci luctus et ultrices posuere cubilia curae donec pharetra magna vestibulum aliquet ultrices erat tortor,Home & Kitchen,11,195.76,2153.36,Debit Card
523,11/15/2025,10,Ancenis,2961,curae donec pharetra magna vestibulum aliquet ultrices erat tortor sollicitudin mi sit amet lobortis,Clothing,11,65.29,718.19,Debit Card
524,4/23/2026,9,El Mirador,4533,ligula in lacus curabitur at ipsum ac tellus semper interdum mauris ullamcorper purus sit amet nulla quisque arcu libero,Sports,17,216.94,3687.98,Cash
525,11/18/2025,5,San Juan,1436,neque libero convallis eget eleifend luctus ultricies eu nibh quisque id justo sit amet sapien dignissim,Clothing,2,479.47,958.94,Debit Card
526,9/17/2025,6,Herrera,1801,dignissim vestibulum vestibulum ante ipsum primis in faucibus orci luctus et,Electronics,20,305.98,6119.6,Debit Card
527,9/23/2025,4,Araçoiaba da Serra,4008,turpis integer aliquet massa id lobortis convallis tortor risus dapibus augue vel accumsan tellus nisi eu orci mauris lacinia sapien,Home & Kitchen,14,455.06,6370.84,Credit Card
528,3/3/2026,6,Biên Hòa,9377,viverra pede ac diam cras pellentesque volutpat dui maecenas tristique est et tempus semper,Sports,8,111.66,893.28,Debit Card
529,5/26/2025,2,Białogard,5877,lacus at turpis donec posuere metus vitae ipsum aliquam non mauris morbi non lectus aliquam sit,Clothing,16,123.03,1968.48,Mobile Payment
530,1/31/2026,9,Nazaré,7097,morbi non lectus aliquam sit amet diam in magna bibendum imperdiet nullam orci pede venenatis non,Electronics,12,451.75,5421.0,Debit Card
531,7/21/2025,3,Hongzhou,3965,sed vestibulum sit amet cursus id turpis integer aliquet massa id lobortis convallis,Home & Kitchen,16,315.34,5045.44,Mobile Payment
532,5/4/2025,1,Kota Bharu,1314,ac neque duis bibendum morbi non quam nec dui luctus rutrum nulla,Sports,16,416.5,6664.0,Credit Card
533,12/2/2025,7,Maki,1746,ultrices phasellus id sapien in sapien iaculis congue vivamus metus arcu,Sports,15,273.19,4097.85,Debit Card
534,8/22/2025,7,Jiangyin,2342,justo lacinia eget tincidunt eget tempus vel pede morbi porttitor,Home & Kitchen,18,477.58,8596.44,Cash
535,4/5/2026,9,Lere,2675,lacus purus aliquet at feugiat non pretium quis lectus suspendisse potenti in eleifend quam a odio in hac habitasse platea,Sports,14,312.72,4378.08,Cash
536,12/7/2025,5,Challhuahuacho,9567,pretium iaculis diam erat fermentum justo nec condimentum neque sapien placerat ante nulla justo aliquam quis turpis eget elit,Electronics,12,85.35,1024.2,Cash
537,8/6/2025,7,Binonga,7201,vestibulum eget vulputate ut ultrices vel augue vestibulum ante ipsum primis,Home & Kitchen,12,434.78,5217.36,Cash
538,4/10/2025,3,Colima,5908,dui nec nisi volutpat eleifend donec ut dolor morbi vel lectus in quam fringilla rhoncus mauris,Clothing,18,221.99,3995.82,Debit Card
539,1/6/2026,9,Pinrang,1761,facilisi cras non velit nec nisi vulputate nonummy maecenas tincidunt lacus at velit vivamus vel nulla eget eros elementum,Beauty,11,345.3,3798.3,Credit Card
540,5/5/2025,7,Log pri Brezovici,1755,lacinia aenean sit amet justo morbi ut odio cras mi pede malesuada in imperdiet,Home & Kitchen,7,274.03,1918.21,Credit Card
541,11/15/2025,10,Chadong,6000,nibh in lectus pellentesque at nulla suspendisse potenti cras in purus,Electronics,8,126.41,1011.28,Debit Card
542,11/5/2025,5,Alfena,4140,nunc vestibulum ante ipsum primis in faucibus orci luctus et ultrices posuere cubilia curae mauris viverra diam,Clothing,7,337.71,2363.97,Cash
543,4/10/2026,2,Turku,9589,scelerisque quam turpis adipiscing lorem vitae mattis nibh ligula nec sem duis,Sports,2,180.55,361.1,Debit Card
544,4/10/2026,10,Ivanava,4814,vulputate vitae nisl aenean lectus pellentesque eget nunc donec quis orci eget orci vehicula condimentum curabitur in libero ut massa,Beauty,7,223.88,1567.16,Cash
545,6/1/2025,4,Santo Amaro,6914,in blandit ultrices enim lorem ipsum dolor sit amet consectetuer adipiscing elit proin,Home & Kitchen,12,281.85,3382.2,Cash
546,5/3/2026,8,Nueva Guinea,9451,odio condimentum id luctus nec molestie sed justo pellentesque viverra pede ac,Sports,6,296.69,1780.14,Cash
547,4/23/2025,2,Pombal,8129,erat tortor sollicitudin mi sit amet lobortis sapien sapien non,Clothing,1,358.53,358.53,Cash
548,10/9/2025,5,Lunao,8135,sit amet eleifend pede libero quis orci nullam molestie nibh in lectus pellentesque at,Electronics,1,431.23,431.23,Debit Card
549,12/31/2025,6,Xueshan,8780,in lacus curabitur at ipsum ac tellus semper interdum mauris ullamcorper purus sit amet nulla quisque arcu,Beauty,10,338.8,3388.0,Debit Card
550,4/24/2026,7,Brejo da Madre de Deus,4208,in lacus curabitur at ipsum ac tellus semper interdum mauris ullamcorper purus sit amet nulla quisque arcu libero rutrum ac,Beauty,4,150.79,603.16,Credit Card
551,5/6/2025,4,Miyazaki-shi,7471,a nibh in quis justo maecenas rhoncus aliquam lacus morbi quis tortor id nulla ultrices aliquet maecenas leo odio condimentum,Beauty,10,161.66,1616.6,Credit Card
552,4/1/2025,7,Pamakayo,7905,in consequat ut nulla sed accumsan felis ut at dolor quis odio consequat,Beauty,19,225.98,4293.62,Credit Card
553,9/29/2025,4,Nanger,7103,scelerisque quam turpis adipiscing lorem vitae mattis nibh ligula nec sem duis aliquam,Sports,8,363.86,2910.88,Debit Card
554,5/21/2025,7,Patiya,8183,eleifend quam a odio in hac habitasse platea dictumst maecenas ut massa quis,Beauty,18,377.62,6797.16,Mobile Payment
555,10/23/2025,2,Hägersten,4747,ut nulla sed accumsan felis ut at dolor quis odio consequat varius integer ac leo pellentesque ultrices mattis,Home & Kitchen,11,463.95,5103.45,Cash
556,11/24/2025,4,Baishuitan,4695,orci luctus et ultrices posuere cubilia curae duis faucibus accumsan,Sports,17,116.71,1984.07,Debit Card
557,3/9/2026,1,Nowe Brzesko,5357,ipsum primis in faucibus orci luctus et ultrices posuere cubilia curae duis faucibus accumsan,Electronics,20,242.42,4848.4,Credit Card
558,11/26/2025,10,Proletar,1487,lacinia eget tincidunt eget tempus vel pede morbi porttitor lorem id ligula suspendisse ornare consequat,Clothing,3,268.48,805.44,Credit Card
559,3/5/2026,3,Mukō,9020,semper porta volutpat quam pede lobortis ligula sit amet eleifend pede libero quis orci nullam molestie nibh in,Clothing,1,13.64,13.64,Debit Card
560,8/19/2025,10,Kimje,5841,commodo placerat praesent blandit nam nulla integer pede justo lacinia eget tincidunt eget tempus vel,Home & Kitchen,18,7.64,137.52,Credit Card
561,5/29/2025,9,Vakhtan,3881,purus aliquet at feugiat non pretium quis lectus suspendisse potenti in eleifend quam,Beauty,14,342.43,4794.02,Cash
562,10/20/2025,2,Hexi,9949,congue diam id ornare imperdiet sapien urna pretium nisl ut volutpat sapien arcu sed,Electronics,17,256.08,4353.36,Credit Card
563,6/26/2025,8,Qusar,4865,id justo sit amet sapien dignissim vestibulum vestibulum ante ipsum,Electronics,2,53.92,107.84,Debit Card
564,3/21/2026,1,Khānaqāh,6974,tellus nisi eu orci mauris lacinia sapien quis libero nullam sit amet turpis elementum ligula,Home & Kitchen,19,288.78,5486.82,Cash
565,4/22/2026,10,Bedinje,9337,ac enim in tempor turpis nec euismod scelerisque quam turpis adipiscing lorem vitae mattis nibh ligula nec,Sports,4,412.08,1648.32,Debit Card
566,12/3/2025,8,Sirre,6078,dictumst morbi vestibulum velit id pretium iaculis diam erat fermentum justo nec condimentum neque sapien placerat ante nulla justo aliquam,Clothing,19,237.58,4514.02,Mobile Payment
567,9/23/2025,4,Indang,1957,in tempor turpis nec euismod scelerisque quam turpis adipiscing lorem vitae mattis nibh ligula nec sem duis aliquam,Sports,11,107.9,1186.9,Mobile Payment
568,1/28/2026,1,Hŭngnam,1630,condimentum neque sapien placerat ante nulla justo aliquam quis turpis eget,Clothing,19,321.62,6110.78,Credit Card
569,2/23/2026,7,Paris 17,8256,ante ipsum primis in faucibus orci luctus et ultrices posuere,Clothing,19,223.17,4240.23,Mobile Payment
570,2/28/2026,9,Businovo,3089,lacus curabitur at ipsum ac tellus semper interdum mauris ullamcorper purus sit amet,Beauty,14,223.82,3133.48,Debit Card
571,7/27/2025,7,Gines-Patay,6103,turpis sed ante vivamus tortor duis mattis egestas metus aenean fermentum donec ut mauris eget,Clothing,4,378.6,1514.4,Cash
572,11/10/2025,10,Cikiruh Wetan,2592,morbi ut odio cras mi pede malesuada in imperdiet et commodo vulputate,Sports,2,312.63,625.26,Debit Card
573,6/17/2025,7,Miaofengshan,7727,amet eros suspendisse accumsan tortor quis turpis sed ante vivamus tortor duis mattis egestas metus aenean,Home & Kitchen,14,155.84,2181.76,Debit Card
574,1/19/2026,1,Karengan,2389,vestibulum sit amet cursus id turpis integer aliquet massa id lobortis convallis tortor risus,Beauty,7,263.34,1843.38,Cash
575,7/7/2025,1,Bringinanom,7190,nibh quisque id justo sit amet sapien dignissim vestibulum vestibulum ante ipsum primis in faucibus orci luctus et ultrices posuere,Home & Kitchen,5,357.7,1788.5,Debit Card
576,4/20/2025,5,Pointe-à-Pitre,9710,quam suspendisse potenti nullam porttitor lacus at turpis donec posuere metus vitae ipsum aliquam non mauris morbi,Sports,3,474.08,1422.24,Debit Card
577,2/5/2026,1,Agidel’,2967,nibh in hac habitasse platea dictumst aliquam augue quam sollicitudin vitae consectetuer eget,Home & Kitchen,8,307.09,2456.72,Debit Card
578,2/4/2026,5,Cisagu,6415,maecenas rhoncus aliquam lacus morbi quis tortor id nulla ultrices aliquet,Electronics,20,374.49,7489.8,Mobile Payment
579,12/12/2025,1,Sokółka,6939,luctus tincidunt nulla mollis molestie lorem quisque ut erat curabitur,Sports,3,103.67,311.01,Mobile Payment
580,9/20/2025,5,Marinha,2306,eu nibh quisque id justo sit amet sapien dignissim vestibulum vestibulum ante ipsum primis in faucibus,Clothing,7,446.29,3124.03,Debit Card
581,6/8/2025,7,El Regalo,6223,nam congue risus semper porta volutpat quam pede lobortis ligula sit amet eleifend pede libero quis orci,Sports,19,144.04,2736.76,Credit Card
582,12/9/2025,1,Motala,9074,integer pede justo lacinia eget tincidunt eget tempus vel pede morbi porttitor lorem id ligula suspendisse,Beauty,8,204.68,1637.44,Debit Card
583,7/30/2025,9,Anjihai,9027,augue aliquam erat volutpat in congue etiam justo etiam pretium iaculis justo in hac habitasse platea dictumst etiam faucibus,Home & Kitchen,6,107.14,642.84,Mobile Payment
584,6/26/2025,10,Solnechnyy,2843,dui vel nisl duis ac nibh fusce lacus purus aliquet at,Home & Kitchen,13,432.31,5620.03,Credit Card
585,4/15/2025,8,Shanhaiguan,3573,habitasse platea dictumst etiam faucibus cursus urna ut tellus nulla ut erat id mauris vulputate elementum nullam varius,Sports,6,31.56,189.36,Mobile Payment
586,7/15/2025,10,Longwei,6503,volutpat dui maecenas tristique est et tempus semper est quam pharetra magna ac consequat metus sapien ut nunc vestibulum ante,Home & Kitchen,14,409.02,5726.28,Debit Card
587,9/6/2025,10,Campo Maior,4041,imperdiet sapien urna pretium nisl ut volutpat sapien arcu sed augue aliquam erat volutpat in congue etiam justo,Home & Kitchen,1,475.33,475.33,Mobile Payment
588,9/25/2025,5,Ḩājī Khēl,7760,natoque penatibus et magnis dis parturient montes nascetur ridiculus mus etiam vel augue vestibulum,Electronics,17,355.51,6043.67,Cash
589,2/23/2026,7,Yanfolila,6059,eros suspendisse accumsan tortor quis turpis sed ante vivamus tortor duis,Clothing,19,363.22,6901.18,Credit Card
590,6/5/2025,6,Gusong,9925,amet cursus id turpis integer aliquet massa id lobortis convallis tortor risus dapibus augue vel accumsan,Home & Kitchen,20,351.73,7034.6,Credit Card
591,7/10/2025,1,Dawu,7629,dui luctus rutrum nulla tellus in sagittis dui vel nisl duis,Beauty,7,124.53,871.71,Cash
592,7/14/2025,5,Daweishan,3516,ultrices mattis odio donec vitae nisi nam ultrices libero non,Clothing,8,388.5,3108.0,Debit Card
593,10/4/2025,9,Texistepeque,4819,urna ut tellus nulla ut erat id mauris vulputate elementum nullam varius,Clothing,15,280.94,4214.1,Debit Card
594,6/7/2025,9,União da Vitória,8963,pede posuere nonummy integer non velit donec diam neque vestibulum eget vulputate,Home & Kitchen,13,499.8,6497.4,Cash
595,10/11/2025,10,Sumurgung,1796,nunc viverra dapibus nulla suscipit ligula in lacus curabitur at ipsum ac tellus semper interdum mauris ullamcorper,Electronics,2,260.63,521.26,Debit Card
596,6/12/2025,3,Babasakhib,2229,aliquet maecenas leo odio condimentum id luctus nec molestie sed justo,Electronics,14,292.97,4101.58,Credit Card
597,7/25/2025,2,Manggissari,2866,congue diam id ornare imperdiet sapien urna pretium nisl ut volutpat sapien arcu sed,Electronics,7,44.87,314.09,Mobile Payment
598,10/23/2025,6,Tianjiazhai,3080,lobortis convallis tortor risus dapibus augue vel accumsan tellus nisi,Clothing,18,280.36,5046.48,Mobile Payment
599,2/15/2026,3,Nova Era,1716,ligula nec sem duis aliquam convallis nunc proin at turpis a pede posuere nonummy integer non velit donec diam,Sports,11,391.86,4310.46,Cash
600,3/29/2026,8,Cipeundeuy,5692,aenean lectus pellentesque eget nunc donec quis orci eget orci,Home & Kitchen,9,186.99,1682.91,Cash
601,2/19/2026,10,Don Carlos,4661,faucibus accumsan odio curabitur convallis duis consequat dui nec nisi volutpat eleifend donec ut dolor,Beauty,18,285.96,5147.28,Cash
602,3/15/2026,8,Saint-Denis,1212,tellus nulla ut erat id mauris vulputate elementum nullam varius nulla facilisi cras non velit nec nisi,Clothing,16,475.16,7602.56,Mobile Payment
603,3/18/2026,2,Trondheim,9256,turpis donec posuere metus vitae ipsum aliquam non mauris morbi non lectus aliquam sit,Sports,10,468.62,4686.2,Credit Card
604,12/21/2025,10,Orlando,4923,ultrices posuere cubilia curae mauris viverra diam vitae quam suspendisse potenti nullam porttitor lacus at turpis donec posuere metus,Clothing,3,92.49,277.47,Credit Card
605,4/22/2025,10,Nelson,5722,duis aliquam convallis nunc proin at turpis a pede posuere nonummy integer non velit,Beauty,6,448.75,2692.5,Credit Card
606,5/15/2025,9,Vrsi,3612,metus aenean fermentum donec ut mauris eget massa tempor convallis nulla,Clothing,4,329.08,1316.32,Mobile Payment
607,8/28/2025,3,Tylicz,4030,penatibus et magnis dis parturient montes nascetur ridiculus mus vivamus vestibulum sagittis sapien cum sociis,Clothing,4,332.05,1328.2,Cash
608,7/5/2025,8,Nambalan,4466,sit amet eleifend pede libero quis orci nullam molestie nibh in lectus pellentesque at nulla suspendisse potenti cras in purus,Beauty,9,436.93,3932.37,Cash
609,5/2/2026,6,Skoroszyce,4510,mauris eget massa tempor convallis nulla neque libero convallis eget eleifend luctus ultricies eu nibh quisque id justo,Sports,4,67.03,268.12,Debit Card
610,9/11/2025,1,Abuko,9852,ut nulla sed accumsan felis ut at dolor quis odio consequat varius integer ac leo pellentesque,Home & Kitchen,12,490.27,5883.24,Cash
611,11/21/2025,2,Fedorovka,4195,massa tempor convallis nulla neque libero convallis eget eleifend luctus ultricies eu nibh quisque id justo sit amet,Clothing,8,493.55,3948.4,Cash
612,5/22/2025,7,Lubukalung,7788,sit amet justo morbi ut odio cras mi pede malesuada in imperdiet et commodo vulputate justo,Electronics,16,490.29,7844.64,Credit Card
613,10/28/2025,7,Alegrete,5280,rutrum at lorem integer tincidunt ante vel ipsum praesent blandit lacinia,Home & Kitchen,5,263.47,1317.35,Credit Card
614,1/17/2026,9,Przystajń,1487,primis in faucibus orci luctus et ultrices posuere cubilia curae donec pharetra magna,Electronics,14,378.61,5300.54,Credit Card
615,4/25/2026,1,Zamora,3820,accumsan odio curabitur convallis duis consequat dui nec nisi volutpat eleifend donec ut dolor morbi vel lectus in quam,Home & Kitchen,7,362.03,2534.21,Credit Card
616,4/24/2026,7,Mariposa,4959,lorem integer tincidunt ante vel ipsum praesent blandit lacinia erat vestibulum sed magna at nunc,Beauty,10,173.77,1737.7,Debit Card
617,10/16/2025,7,Xingdian,9886,mattis pulvinar nulla pede ullamcorper augue a suscipit nulla elit,Electronics,9,414.96,3734.64,Credit Card
618,8/26/2025,2,Deder,6576,in libero ut massa volutpat convallis morbi odio odio elementum,Home & Kitchen,8,493.47,3947.76,Debit Card
619,10/21/2025,10,Vienne,5810,sapien urna pretium nisl ut volutpat sapien arcu sed augue,Beauty,5,385.7,1928.5,Mobile Payment
620,1/20/2026,1,Puerto Iguazú,9050,dapibus augue vel accumsan tellus nisi eu orci mauris lacinia sapien,Sports,8,14.65,117.2,Debit Card
621,4/21/2026,4,Puntarenas,7403,ullamcorper augue a suscipit nulla elit ac nulla sed vel enim,Electronics,3,395.97,1187.91,Debit Card
622,10/29/2025,7,Tekikbanyuurip,3427,congue etiam justo etiam pretium iaculis justo in hac habitasse platea dictumst etiam faucibus cursus urna ut tellus nulla ut,Clothing,8,481.1,3848.8,Cash
623,6/27/2025,9,Puger,8840,nibh in lectus pellentesque at nulla suspendisse potenti cras in purus eu magna vulputate luctus cum,Clothing,12,327.39,3928.68,Credit Card
624,1/18/2026,9,Smålandsstenar,3341,sit amet eleifend pede libero quis orci nullam molestie nibh in lectus pellentesque at nulla,Beauty,2,194.76,389.52,Debit Card
625,1/25/2026,5,Halmstad,6186,congue eget semper rutrum nulla nunc purus phasellus in felis,Sports,13,476.58,6195.54,Credit Card
626,11/27/2025,1,Tolkmicko,7976,lorem ipsum dolor sit amet consectetuer adipiscing elit proin risus praesent lectus vestibulum,Beauty,4,34.66,138.64,Debit Card
627,1/16/2026,4,Ágios Spyrídon,8788,tempus vel pede morbi porttitor lorem id ligula suspendisse ornare consequat lectus in est risus,Electronics,2,499.07,998.14,Cash
628,11/8/2025,10,Três Pontas,4682,imperdiet et commodo vulputate justo in blandit ultrices enim lorem ipsum dolor sit,Beauty,6,215.5,1293.0,Debit Card
629,3/22/2026,5,Faya-Largeau,2592,eget elit sodales scelerisque mauris sit amet eros suspendisse accumsan tortor quis,Beauty,2,362.8,725.6,Credit Card
630,10/3/2025,10,Kamyzyak,3146,orci eget orci vehicula condimentum curabitur in libero ut massa,Electronics,15,148.01,2220.15,Credit Card
631,4/30/2026,9,Loikaw,2828,risus auctor sed tristique in tempus sit amet sem fusce consequat nulla nisl,Beauty,5,66.92,334.6,Mobile Payment
632,11/21/2025,5,Za‘tarah,7234,enim in tempor turpis nec euismod scelerisque quam turpis adipiscing lorem vitae mattis nibh ligula nec,Home & Kitchen,9,42.66,383.94,Debit Card
633,4/26/2026,2,Krajan Siki,8737,at lorem integer tincidunt ante vel ipsum praesent blandit lacinia erat vestibulum sed,Clothing,20,310.65,6213.0,Debit Card
634,10/20/2025,3,Palon,5897,volutpat sapien arcu sed augue aliquam erat volutpat in congue etiam justo etiam,Clothing,9,454.94,4094.46,Cash
635,7/2/2025,10,A dos Cunhados,4176,sit amet eleifend pede libero quis orci nullam molestie nibh in lectus pellentesque at nulla suspendisse,Clothing,19,473.05,8987.95,Debit Card
636,7/4/2025,10,Vale,3267,sit amet sem fusce consequat nulla nisl nunc nisl duis bibendum,Home & Kitchen,9,9.92,89.28,Debit Card
637,1/21/2026,4,Negara,3960,risus dapibus augue vel accumsan tellus nisi eu orci mauris lacinia sapien quis libero nullam sit amet turpis elementum,Sports,9,83.36,750.24,Credit Card
638,7/10/2025,10,Ad Dann,5216,curabitur in libero ut massa volutpat convallis morbi odio odio elementum eu interdum eu tincidunt in leo maecenas,Home & Kitchen,8,184.31,1474.48,Mobile Payment
639,6/7/2025,4,El Paraíso,3780,pede malesuada in imperdiet et commodo vulputate justo in blandit ultrices enim lorem ipsum dolor sit amet consectetuer adipiscing elit,Electronics,7,354.05,2478.35,Mobile Payment
640,11/21/2025,8,Aizkraukle,5229,morbi porttitor lorem id ligula suspendisse ornare consequat lectus in est,Home & Kitchen,11,398.93,4388.23,Debit Card
641,8/4/2025,9,Jincang,2973,pellentesque eget nunc donec quis orci eget orci vehicula condimentum curabitur in libero ut massa,Beauty,4,328.42,1313.68,Debit Card
642,2/16/2026,2,Katumba,1878,in imperdiet et commodo vulputate justo in blandit ultrices enim lorem ipsum dolor sit amet consectetuer,Clothing,1,371.58,371.58,Debit Card
643,4/2/2025,10,Södertälje,9668,justo in hac habitasse platea dictumst etiam faucibus cursus urna ut tellus nulla ut erat id mauris,Sports,4,372.18,1488.72,Mobile Payment
644,8/23/2025,1,Loudi,2036,ipsum ac tellus semper interdum mauris ullamcorper purus sit amet nulla quisque arcu libero,Beauty,10,10.84,108.4,Mobile Payment
645,4/27/2026,3,Prestea,3133,sit amet diam in magna bibendum imperdiet nullam orci pede venenatis non sodales sed tincidunt eu felis fusce posuere felis,Sports,14,42.15,590.1,Credit Card
646,12/17/2025,8,Cibitung,1349,suspendisse potenti nullam porttitor lacus at turpis donec posuere metus vitae ipsum aliquam non,Home & Kitchen,3,43.98,131.94,Debit Card
647,12/15/2025,6,Vaxholm,7136,enim blandit mi in porttitor pede justo eu massa donec dapibus duis at velit eu est,Sports,5,359.19,1795.95,Debit Card
648,5/12/2025,1,Verkhniy Lomov,7030,tristique fusce congue diam id ornare imperdiet sapien urna pretium nisl ut volutpat sapien arcu sed,Home & Kitchen,20,328.87,6577.4,Mobile Payment
649,3/8/2026,4,Xufeng,3432,justo in blandit ultrices enim lorem ipsum dolor sit amet consectetuer adipiscing elit proin interdum,Beauty,20,288.4,5768.0,Cash
650,9/23/2025,9,Bicos,2521,vulputate ut ultrices vel augue vestibulum ante ipsum primis in faucibus orci luctus et,Electronics,17,499.07,8484.19,Mobile Payment
651,9/10/2025,9,Rancabugel,1018,eu interdum eu tincidunt in leo maecenas pulvinar lobortis est phasellus sit amet erat nulla tempus vivamus in felis,Sports,4,488.94,1955.76,Credit Card
652,4/4/2025,10,Cubatão,1905,id nulla ultrices aliquet maecenas leo odio condimentum id luctus nec molestie sed,Sports,4,494.97,1979.88,Credit Card
653,12/11/2025,5,Tadine,6923,quam sollicitudin vitae consectetuer eget rutrum at lorem integer tincidunt ante,Sports,15,364.28,5464.2,Credit Card
654,9/12/2025,3,Mintang,2462,aenean lectus pellentesque eget nunc donec quis orci eget orci vehicula,Sports,13,219.7,2856.1,Cash
655,8/10/2025,2,Ban Phan Don,6797,lacinia erat vestibulum sed magna at nunc commodo placerat praesent blandit nam nulla integer pede justo lacinia,Beauty,14,127.27,1781.78,Cash
656,2/9/2026,1,Pigeiros,8997,sapien in sapien iaculis congue vivamus metus arcu adipiscing molestie hendrerit at vulputate vitae nisl aenean lectus pellentesque eget,Beauty,20,465.95,9319.0,Debit Card
657,10/30/2025,3,Hubynykha,8485,felis donec semper sapien a libero nam dui proin leo odio porttitor id consequat in consequat ut nulla sed accumsan,Home & Kitchen,16,171.14,2738.24,Mobile Payment
658,10/9/2025,4,Jiangya,5465,venenatis tristique fusce congue diam id ornare imperdiet sapien urna pretium nisl ut volutpat sapien arcu sed,Sports,5,449.76,2248.8,Cash
659,4/25/2026,8,Xinbao,2594,nonummy integer non velit donec diam neque vestibulum eget vulputate ut ultrices vel augue vestibulum ante ipsum primis,Sports,4,201.87,807.48,Cash
660,9/24/2025,9,Jia’an,3852,nunc rhoncus dui vel sem sed sagittis nam congue risus semper porta,Sports,15,338.7,5080.5,Credit Card
661,3/9/2026,7,Tamra,6398,at velit vivamus vel nulla eget eros elementum pellentesque quisque porta volutpat erat,Beauty,17,194.89,3313.13,Cash
662,5/26/2025,8,Säffle,4299,in quam fringilla rhoncus mauris enim leo rhoncus sed vestibulum sit,Sports,20,362.87,7257.4,Debit Card
663,9/15/2025,2,Suzhou,7170,leo maecenas pulvinar lobortis est phasellus sit amet erat nulla tempus vivamus in felis eu sapien,Clothing,10,121.39,1213.9,Cash
664,6/16/2025,9,Maracanaú,2122,fusce posuere felis sed lacus morbi sem mauris laoreet ut rhoncus aliquet pulvinar,Clothing,19,383.18,7280.42,Debit Card
665,2/19/2026,3,Ping’an,5862,convallis duis consequat dui nec nisi volutpat eleifend donec ut dolor morbi,Sports,8,346.63,2773.04,Credit Card
666,10/3/2025,7,Birmingham,3893,dis parturient montes nascetur ridiculus mus etiam vel augue vestibulum rutrum rutrum neque aenean auctor gravida sem,Clothing,7,187.89,1315.23,Cash
667,4/9/2026,5,Kedungsinggil,9312,non velit nec nisi vulputate nonummy maecenas tincidunt lacus at velit vivamus,Electronics,8,84.39,675.12,Cash
668,9/30/2025,5,Gjinkar,9444,ultricies eu nibh quisque id justo sit amet sapien dignissim vestibulum vestibulum ante ipsum primis in faucibus orci,Home & Kitchen,14,456.73,6394.22,Credit Card
669,6/15/2025,5,Kasulu,5500,sed ante vivamus tortor duis mattis egestas metus aenean fermentum donec ut mauris,Sports,16,263.04,4208.64,Debit Card
670,12/29/2025,6,Ar Rass,7498,vestibulum vestibulum ante ipsum primis in faucibus orci luctus et ultrices posuere cubilia curae nulla dapibus dolor vel est donec,Home & Kitchen,6,218.77,1312.62,Credit Card
671,5/13/2025,2,Indaial,2939,libero ut massa volutpat convallis morbi odio odio elementum eu interdum eu tincidunt,Sports,18,206.49,3716.82,Credit Card
672,7/12/2025,1,Pingshan,7472,sociis natoque penatibus et magnis dis parturient montes nascetur ridiculus mus etiam vel augue vestibulum rutrum,Clothing,18,50.06,901.08,Cash
673,9/13/2025,8,Petrozavodsk,2920,ultrices mattis odio donec vitae nisi nam ultrices libero non,Home & Kitchen,15,314.88,4723.2,Credit Card
674,10/3/2025,7,Göteborg,5744,donec posuere metus vitae ipsum aliquam non mauris morbi non lectus aliquam sit amet,Sports,15,499.18,7487.7,Cash
675,12/18/2025,4,Nazran’,2421,amet eleifend pede libero quis orci nullam molestie nibh in lectus pellentesque at nulla suspendisse potenti cras in purus eu,Clothing,18,82.74,1489.32,Debit Card
676,4/15/2025,10,Nanton,1653,vitae consectetuer eget rutrum at lorem integer tincidunt ante vel,Beauty,9,409.2,3682.8,Debit Card
677,11/30/2025,1,Komga,7321,consectetuer adipiscing elit proin interdum mauris non ligula pellentesque ultrices phasellus id sapien in sapien iaculis,Electronics,19,54.39,1033.41,Credit Card
678,6/23/2025,2,Rtishchevo,4385,convallis morbi odio odio elementum eu interdum eu tincidunt in leo maecenas pulvinar lobortis,Clothing,18,235.24,4234.32,Debit Card
679,11/16/2025,2,Junliangcheng,9809,integer non velit donec diam neque vestibulum eget vulputate ut ultrices vel augue vestibulum ante ipsum primis in,Beauty,6,59.97,359.82,Mobile Payment
680,5/12/2025,6,Bangunsari,5672,est donec odio justo sollicitudin ut suscipit a feugiat et eros vestibulum ac est lacinia nisi venenatis tristique fusce congue,Electronics,7,31.26,218.82,Cash
681,5/2/2025,8,Qifang,4304,proin leo odio porttitor id consequat in consequat ut nulla sed accumsan felis ut,Beauty,2,437.98,875.96,Cash
682,1/12/2026,2,Sujiazhuang,6303,erat nulla tempus vivamus in felis eu sapien cursus vestibulum proin,Electronics,13,303.77,3949.01,Cash
683,11/6/2025,4,Ekou,9532,sit amet sapien dignissim vestibulum vestibulum ante ipsum primis in,Electronics,20,110.64,2212.8,Debit Card
684,4/6/2025,6,Andahuaylillas,1638,quisque arcu libero rutrum ac lobortis vel dapibus at diam nam,Beauty,1,19.48,19.48,Credit Card
685,11/30/2025,10,Bao’an,7291,ut nulla sed accumsan felis ut at dolor quis odio consequat varius,Home & Kitchen,8,235.05,1880.4,Cash
686,9/17/2025,3,Cunén,6585,curabitur at ipsum ac tellus semper interdum mauris ullamcorper purus sit,Clothing,13,11.69,151.97,Debit Card
687,9/21/2025,3,Tojeira,7493,tincidunt in leo maecenas pulvinar lobortis est phasellus sit amet,Clothing,5,455.39,2276.95,Mobile Payment
688,1/31/2026,4,Changshou,5112,faucibus orci luctus et ultrices posuere cubilia curae donec pharetra magna vestibulum aliquet ultrices erat tortor,Electronics,1,220.11,220.11,Cash
689,10/24/2025,9,Bogorejo,2163,egestas metus aenean fermentum donec ut mauris eget massa tempor convallis nulla neque libero convallis,Beauty,14,284.83,3987.62,Cash
690,4/13/2025,4,Mont-Saint-Hilaire,8387,erat vestibulum sed magna at nunc commodo placerat praesent blandit nam nulla integer pede justo lacinia eget tincidunt eget,Sports,2,416.65,833.3,Cash
691,5/2/2025,5,Pedinó,3063,est lacinia nisi venenatis tristique fusce congue diam id ornare imperdiet sapien urna pretium nisl,Clothing,3,25.45,76.35,Mobile Payment
692,9/18/2025,9,Kilju,4562,vivamus in felis eu sapien cursus vestibulum proin eu mi nulla,Home & Kitchen,12,277.91,3334.92,Mobile Payment
693,4/26/2025,9,Gravataí,8927,sed sagittis nam congue risus semper porta volutpat quam pede lobortis ligula sit amet eleifend,Electronics,16,351.75,5628.0,Credit Card
694,6/12/2025,8,Pando,4480,orci eget orci vehicula condimentum curabitur in libero ut massa volutpat convallis morbi odio,Clothing,3,407.81,1223.43,Mobile Payment
695,8/28/2025,9,Yafan,9063,id turpis integer aliquet massa id lobortis convallis tortor risus dapibus augue,Sports,11,96.75,1064.25,Mobile Payment
696,7/28/2025,4,Thị Trấn Thanh Lưu,2500,ante vivamus tortor duis mattis egestas metus aenean fermentum donec ut mauris eget massa tempor convallis nulla neque libero,Beauty,4,285.81,1143.24,Debit Card
697,10/6/2025,8,Fengyuan,6828,pulvinar sed nisl nunc rhoncus dui vel sem sed sagittis nam congue risus semper porta,Beauty,11,134.12,1475.32,Credit Card
698,2/1/2026,2,Dimataling,8556,posuere cubilia curae donec pharetra magna vestibulum aliquet ultrices erat tortor sollicitudin mi sit amet lobortis sapien sapien,Clothing,10,285.95,2859.5,Cash
699,4/26/2025,10,Gongjiang,3333,proin leo odio porttitor id consequat in consequat ut nulla sed accumsan felis ut at,Home & Kitchen,10,20.86,208.6,Mobile Payment
700,4/23/2026,5,Brylivka,4747,lacus morbi quis tortor id nulla ultrices aliquet maecenas leo odio condimentum id,Home & Kitchen,13,397.19,5163.47,Debit Card
701,9/30/2025,8,Machachi,1106,facilisi cras non velit nec nisi vulputate nonummy maecenas tincidunt lacus at velit,Electronics,11,318.78,3506.58,Cash
702,4/26/2026,1,Wutumeiren,4675,quam turpis adipiscing lorem vitae mattis nibh ligula nec sem duis aliquam convallis nunc,Sports,8,164.99,1319.92,Debit Card
703,4/25/2025,8,Kremenets’,8821,congue etiam justo etiam pretium iaculis justo in hac habitasse platea dictumst etiam faucibus cursus urna ut tellus,Clothing,18,42.91,772.38,Debit Card
704,7/18/2025,7,Hvar,6100,scelerisque mauris sit amet eros suspendisse accumsan tortor quis turpis sed ante vivamus tortor,Clothing,16,176.83,2829.28,Mobile Payment
705,10/24/2025,2,Cauayan,7405,elementum ligula vehicula consequat morbi a ipsum integer a nibh,Sports,18,339.49,6110.82,Credit Card
706,7/25/2025,5,Metchosin,9168,eleifend pede libero quis orci nullam molestie nibh in lectus pellentesque at nulla suspendisse,Beauty,2,281.03,562.06,Credit Card
707,11/11/2025,1,Kumberg,7955,nulla tellus in sagittis dui vel nisl duis ac nibh fusce lacus purus aliquet at feugiat non pretium,Sports,14,196.82,2755.48,Mobile Payment
708,5/16/2025,4,Barbaza,8530,enim leo rhoncus sed vestibulum sit amet cursus id turpis,Beauty,13,342.74,4455.62,Cash
709,8/25/2025,7,Fuji,5203,in blandit ultrices enim lorem ipsum dolor sit amet consectetuer adipiscing elit proin interdum mauris non ligula pellentesque ultrices,Electronics,7,495.14,3465.98,Mobile Payment
710,6/20/2025,4,Kačanik,9419,vestibulum sagittis sapien cum sociis natoque penatibus et magnis dis parturient montes nascetur ridiculus mus,Beauty,6,317.45,1904.7,Debit Card
711,12/21/2025,1,Pangapisan,2124,quis augue luctus tincidunt nulla mollis molestie lorem quisque ut erat curabitur gravida nisi at nibh in hac habitasse,Beauty,12,123.86,1486.32,Debit Card
712,8/1/2025,7,Duli,7777,ante nulla justo aliquam quis turpis eget elit sodales scelerisque mauris sit amet eros suspendisse accumsan tortor,Sports,5,143.06,715.3,Credit Card
713,12/14/2025,1,Padurung,5683,vestibulum rutrum rutrum neque aenean auctor gravida sem praesent id massa id nisl venenatis lacinia aenean sit amet justo,Home & Kitchen,9,335.28,3017.52,Debit Card
714,8/8/2025,6,San Carlos de Bariloche,5112,lectus pellentesque at nulla suspendisse potenti cras in purus eu magna vulputate luctus cum sociis natoque penatibus et magnis dis,Clothing,8,119.31,954.48,Mobile Payment
715,4/10/2025,3,Lansing,1206,nibh fusce lacus purus aliquet at feugiat non pretium quis lectus suspendisse,Clothing,16,16.36,261.76,Mobile Payment
716,2/5/2026,2,Cariamanga,2405,pharetra magna vestibulum aliquet ultrices erat tortor sollicitudin mi sit amet lobortis,Electronics,20,140.77,2815.4,Cash
717,4/20/2025,4,Charleville-Mézières,1270,libero quis orci nullam molestie nibh in lectus pellentesque at nulla suspendisse potenti cras in purus eu magna,Electronics,13,257.7,3350.1,Cash
718,4/12/2025,1,Straszydle,4978,aliquet maecenas leo odio condimentum id luctus nec molestie sed justo pellentesque viverra pede ac diam cras pellentesque,Beauty,7,473.13,3311.91,Mobile Payment
719,7/22/2025,5,Leipzig,1739,erat eros viverra eget congue eget semper rutrum nulla nunc purus phasellus,Sports,17,236.58,4021.86,Credit Card
720,1/26/2026,7,Guyang,5518,integer ac neque duis bibendum morbi non quam nec dui luctus rutrum nulla tellus in sagittis dui vel,Home & Kitchen,12,108.79,1305.48,Debit Card
721,3/11/2026,8,Zambujal,4438,pulvinar nulla pede ullamcorper augue a suscipit nulla elit ac nulla sed vel enim sit amet nunc viverra,Home & Kitchen,16,79.4,1270.4,Cash
722,6/22/2025,2,Guali,5353,odio cras mi pede malesuada in imperdiet et commodo vulputate justo in blandit ultrices enim,Beauty,13,478.59,6221.67,Cash
723,11/8/2025,5,Pidsandawan,8582,magna vestibulum aliquet ultrices erat tortor sollicitudin mi sit amet,Clothing,16,40.58,649.28,Mobile Payment
724,4/2/2026,6,Roissy Charles-de-Gaulle,2763,lorem ipsum dolor sit amet consectetuer adipiscing elit proin interdum mauris non ligula,Home & Kitchen,1,112.08,112.08,Cash
725,9/27/2025,1,Réo,2609,duis ac nibh fusce lacus purus aliquet at feugiat non pretium quis lectus suspendisse potenti,Electronics,3,155.17,465.51,Credit Card
726,8/6/2025,4,Karangasem,2361,amet nunc viverra dapibus nulla suscipit ligula in lacus curabitur at ipsum ac tellus semper interdum mauris ullamcorper purus,Home & Kitchen,3,130.64,391.92,Cash
727,11/14/2025,3,Paojan,9339,ultrices aliquet maecenas leo odio condimentum id luctus nec molestie,Sports,13,260.05,3380.65,Debit Card
728,6/28/2025,8,Ivanovka,3750,in congue etiam justo etiam pretium iaculis justo in hac habitasse platea dictumst etiam faucibus cursus urna ut,Electronics,14,475.42,6655.88,Debit Card
729,2/13/2026,7,Wolfville,5081,a feugiat et eros vestibulum ac est lacinia nisi venenatis tristique fusce congue diam,Sports,7,165.13,1155.91,Mobile Payment
730,12/4/2025,4,Huddinge,5791,duis consequat dui nec nisi volutpat eleifend donec ut dolor morbi vel lectus in quam fringilla rhoncus,Electronics,17,39.17,665.89,Debit Card
731,5/1/2025,10,Melong,8164,in sagittis dui vel nisl duis ac nibh fusce lacus purus aliquet at feugiat non pretium quis,Beauty,13,47.23,613.99,Credit Card
732,5/28/2025,7,Szamotuły,2338,purus eu magna vulputate luctus cum sociis natoque penatibus et,Sports,13,125.22,1627.86,Credit Card
733,4/7/2025,1,Cileuya,6731,est donec odio justo sollicitudin ut suscipit a feugiat et eros vestibulum ac,Home & Kitchen,4,24.65,98.6,Debit Card
734,6/24/2025,3,Al Hilāliyya,4922,lorem integer tincidunt ante vel ipsum praesent blandit lacinia erat vestibulum sed magna at nunc,Clothing,2,89.87,179.74,Mobile Payment
735,4/6/2025,4,Zhongcheng,5905,massa id lobortis convallis tortor risus dapibus augue vel accumsan tellus nisi eu,Home & Kitchen,2,133.73,267.46,Mobile Payment
736,10/31/2025,7,Querecotillo,7754,dis parturient montes nascetur ridiculus mus etiam vel augue vestibulum,Electronics,3,119.89,359.67,Cash
737,2/16/2026,9,Siguqiao,9940,non quam nec dui luctus rutrum nulla tellus in sagittis dui vel nisl duis ac,Home & Kitchen,8,233.98,1871.84,Debit Card
738,6/14/2025,6,Bolengpulau,1645,laoreet ut rhoncus aliquet pulvinar sed nisl nunc rhoncus dui vel sem sed sagittis nam congue,Electronics,1,278.93,278.93,Cash
739,10/8/2025,2,Sezures,8717,velit vivamus vel nulla eget eros elementum pellentesque quisque porta volutpat erat quisque,Electronics,12,104.76,1257.12,Debit Card
740,4/2/2025,7,Caacupé,8240,vestibulum proin eu mi nulla ac enim in tempor turpis nec euismod scelerisque quam turpis adipiscing lorem,Clothing,17,312.72,5316.24,Credit Card
741,2/8/2026,4,Wonosari,3859,etiam justo etiam pretium iaculis justo in hac habitasse platea dictumst etiam,Electronics,3,287.29,861.87,Debit Card
742,9/9/2025,5,Youkounkoun,4927,pellentesque ultrices phasellus id sapien in sapien iaculis congue vivamus metus arcu adipiscing molestie hendrerit,Sports,11,417.9,4596.9,Cash
743,3/31/2026,10,Hedao,6446,sapien placerat ante nulla justo aliquam quis turpis eget elit sodales scelerisque mauris sit,Electronics,2,32.12,64.24,Credit Card
744,7/22/2025,1,Ujazd,1333,est quam pharetra magna ac consequat metus sapien ut nunc vestibulum ante,Sports,14,367.28,5141.92,Debit Card
745,5/14/2025,10,As Suwaydā’,8281,volutpat in congue etiam justo etiam pretium iaculis justo in hac habitasse platea dictumst etiam faucibus cursus urna ut tellus,Sports,15,418.86,6282.9,Credit Card
746,1/9/2026,5,Almeria,3363,tincidunt in leo maecenas pulvinar lobortis est phasellus sit amet erat nulla tempus vivamus in felis eu,Sports,7,369.05,2583.35,Credit Card
747,1/19/2026,8,Sam Roi Yot,7557,eleifend pede libero quis orci nullam molestie nibh in lectus pellentesque at,Clothing,6,170.0,1020.0,Credit Card
748,5/2/2025,9,Ayía Triás,9654,luctus et ultrices posuere cubilia curae nulla dapibus dolor vel est donec,Electronics,15,93.94,1409.1,Mobile Payment
749,1/2/2026,10,Manuel Antonio Mesones Muro,8623,pede justo eu massa donec dapibus duis at velit eu est congue elementum in hac habitasse platea dictumst morbi vestibulum,Beauty,4,418.26,1673.04,Mobile Payment
750,11/4/2025,8,Jackson,7678,donec dapibus duis at velit eu est congue elementum in hac,Electronics,12,406.69,4880.28,Debit Card
751,7/6/2025,4,Mandeman Daya,1309,ipsum primis in faucibus orci luctus et ultrices posuere cubilia curae mauris viverra diam vitae quam suspendisse potenti nullam porttitor,Clothing,11,98.89,1087.79,Credit Card
752,4/13/2026,8,Jia’an,1572,ante ipsum primis in faucibus orci luctus et ultrices posuere,Clothing,20,307.12,6142.4,Credit Card
753,6/6/2025,3,Baitoa,5543,vel augue vestibulum rutrum rutrum neque aenean auctor gravida sem praesent,Electronics,9,446.13,4015.17,Credit Card
754,4/30/2025,8,Nanying,5526,nulla tempus vivamus in felis eu sapien cursus vestibulum proin eu mi nulla ac enim in,Electronics,3,203.79,611.37,Credit Card
755,12/22/2025,7,Padre Bernardo,7306,varius integer ac leo pellentesque ultrices mattis odio donec vitae nisi nam ultrices libero non mattis pulvinar nulla,Clothing,13,446.04,5798.52,Debit Card
756,2/17/2026,3,Bianba,5876,morbi sem mauris laoreet ut rhoncus aliquet pulvinar sed nisl nunc,Clothing,12,85.86,1030.32,Credit Card
757,6/21/2025,2,Lijiaping,7475,nibh in lectus pellentesque at nulla suspendisse potenti cras in purus eu magna vulputate luctus cum sociis natoque penatibus et,Electronics,2,90.28,180.56,Mobile Payment
758,1/16/2026,3,Mangqu,2809,tortor quis turpis sed ante vivamus tortor duis mattis egestas metus aenean fermentum donec ut,Beauty,11,62.88,691.68,Cash
759,3/5/2026,6,Ashmūn,3488,congue risus semper porta volutpat quam pede lobortis ligula sit amet eleifend pede libero,Sports,19,414.56,7876.64,Mobile Payment
760,4/20/2025,5,Los Santos,1871,ante vivamus tortor duis mattis egestas metus aenean fermentum donec,Beauty,8,159.49,1275.92,Debit Card
761,6/28/2025,7,Heyan,9266,odio elementum eu interdum eu tincidunt in leo maecenas pulvinar lobortis est phasellus sit,Clothing,6,290.31,1741.86,Debit Card
762,9/24/2025,10,Ticllos,2422,in faucibus orci luctus et ultrices posuere cubilia curae mauris viverra,Clothing,17,466.68,7933.56,Credit Card
763,9/14/2025,9,Sedlarevo,7565,magna at nunc commodo placerat praesent blandit nam nulla integer pede justo,Beauty,16,213.44,3415.04,Credit Card
764,5/10/2025,4,Shangying,9297,quis augue luctus tincidunt nulla mollis molestie lorem quisque ut erat curabitur,Clothing,3,35.98,107.94,Credit Card
765,2/3/2026,2,Yelets,3162,vivamus in felis eu sapien cursus vestibulum proin eu mi nulla ac enim in tempor turpis nec,Clothing,12,248.99,2987.88,Cash
766,11/15/2025,5,Qionghu,7942,vestibulum sit amet cursus id turpis integer aliquet massa id lobortis convallis tortor risus dapibus augue,Home & Kitchen,15,97.6,1464.0,Credit Card
767,10/30/2025,7,Taihua,8724,accumsan tellus nisi eu orci mauris lacinia sapien quis libero nullam sit amet,Sports,14,353.59,4950.26,Cash
768,9/22/2025,3,Almaznyy,8680,vel augue vestibulum ante ipsum primis in faucibus orci luctus et ultrices posuere cubilia curae donec pharetra magna,Clothing,13,430.54,5597.02,Mobile Payment
769,5/31/2025,5,Divichibazar,3757,quam fringilla rhoncus mauris enim leo rhoncus sed vestibulum sit amet cursus,Electronics,14,37.35,522.9,Cash
770,3/3/2026,9,Maythalūn,1345,leo maecenas pulvinar lobortis est phasellus sit amet erat nulla tempus vivamus in,Sports,17,351.77,5980.09,Mobile Payment
771,4/25/2026,1,Pindiga,3248,diam id ornare imperdiet sapien urna pretium nisl ut volutpat sapien arcu sed augue,Home & Kitchen,9,417.63,3758.67,Mobile Payment
772,11/1/2025,9,Combapata,1321,suspendisse potenti nullam porttitor lacus at turpis donec posuere metus vitae ipsum aliquam non mauris morbi non lectus aliquam,Beauty,4,405.45,1621.8,Credit Card
773,3/3/2026,8,Ungheni,5264,amet consectetuer adipiscing elit proin risus praesent lectus vestibulum quam sapien varius,Electronics,18,308.02,5544.36,Credit Card
774,4/25/2025,9,Zafarwāl,7567,nibh quisque id justo sit amet sapien dignissim vestibulum vestibulum,Electronics,1,256.14,256.14,Mobile Payment
775,2/24/2026,2,Nîmes,8899,justo eu massa donec dapibus duis at velit eu est congue elementum in hac habitasse platea dictumst,Electronics,12,460.9,5530.8,Debit Card
776,7/9/2025,6,Rymättylä,8327,mauris viverra diam vitae quam suspendisse potenti nullam porttitor lacus at turpis donec posuere metus vitae,Electronics,15,270.09,4051.35,Credit Card
777,6/20/2025,9,Wolomarang,4880,lacinia eget tincidunt eget tempus vel pede morbi porttitor lorem,Beauty,15,292.09,4381.35,Debit Card
778,4/4/2025,2,Liushikou,6841,quam turpis adipiscing lorem vitae mattis nibh ligula nec sem,Home & Kitchen,7,303.48,2124.36,Cash
779,2/20/2026,6,Vyatskiye Polyany,2468,feugiat non pretium quis lectus suspendisse potenti in eleifend quam a odio in hac,Electronics,12,483.72,5804.64,Debit Card
780,12/21/2025,7,Bhamdoun,1935,sit amet nulla quisque arcu libero rutrum ac lobortis vel dapibus,Home & Kitchen,5,207.19,1035.95,Debit Card
781,3/22/2026,1,Lukovica pri Domžalah,4496,ac tellus semper interdum mauris ullamcorper purus sit amet nulla quisque arcu libero rutrum ac lobortis vel,Electronics,16,357.4,5718.4,Mobile Payment
782,10/23/2025,7,Tall Ḩamīs,2916,est phasellus sit amet erat nulla tempus vivamus in felis eu sapien cursus vestibulum proin eu mi,Beauty,2,114.25,228.5,Debit Card
783,4/11/2025,9,Várzea da Palma,2100,erat id mauris vulputate elementum nullam varius nulla facilisi cras non velit nec nisi vulputate nonummy,Home & Kitchen,7,196.78,1377.46,Credit Card
784,4/12/2025,2,El Paso,5178,dictumst etiam faucibus cursus urna ut tellus nulla ut erat id mauris vulputate elementum,Beauty,16,247.64,3962.24,Credit Card
785,3/23/2026,8,Psygansu,5221,felis fusce posuere felis sed lacus morbi sem mauris laoreet ut rhoncus aliquet,Sports,12,91.05,1092.6,Credit Card
786,10/15/2025,9,Portelinha,6848,eu nibh quisque id justo sit amet sapien dignissim vestibulum vestibulum ante,Clothing,3,231.96,695.88,Mobile Payment
787,2/2/2026,7,Frankfort,7260,diam vitae quam suspendisse potenti nullam porttitor lacus at turpis donec,Beauty,17,404.97,6884.49,Mobile Payment
788,2/8/2026,8,Tulle,8165,platea dictumst maecenas ut massa quis augue luctus tincidunt nulla,Clothing,12,463.01,5556.12,Credit Card
789,4/5/2026,7,Changnyeong,7127,amet cursus id turpis integer aliquet massa id lobortis convallis tortor risus dapibus augue,Beauty,15,254.74,3821.1,Cash
790,6/16/2025,9,Clarin,2891,at nibh in hac habitasse platea dictumst aliquam augue quam sollicitudin vitae,Sports,4,430.83,1723.32,Cash
791,4/2/2026,7,At-Bashi,1403,velit id pretium iaculis diam erat fermentum justo nec condimentum neque sapien placerat ante nulla justo aliquam,Home & Kitchen,2,438.57,877.14,Mobile Payment
792,2/14/2026,5,Mutā Khān,1843,sit amet nulla quisque arcu libero rutrum ac lobortis vel dapibus at,Beauty,6,374.02,2244.12,Debit Card
793,11/14/2025,3,Esparza,8761,lacus curabitur at ipsum ac tellus semper interdum mauris ullamcorper purus sit amet nulla quisque arcu libero rutrum ac lobortis,Clothing,1,35.62,35.62,Cash
794,11/9/2025,7,Meipu,1011,sit amet turpis elementum ligula vehicula consequat morbi a ipsum integer a nibh in quis justo maecenas rhoncus aliquam lacus,Home & Kitchen,9,329.67,2967.03,Cash
795,6/9/2025,10,Bolembre,9988,ultrices erat tortor sollicitudin mi sit amet lobortis sapien sapien non mi integer ac neque duis,Home & Kitchen,18,307.55,5535.9,Debit Card
796,7/30/2025,5,Magaozhuang,1293,consectetuer adipiscing elit proin interdum mauris non ligula pellentesque ultrices phasellus id sapien in sapien,Electronics,16,13.47,215.52,Debit Card
797,8/24/2025,3,Datian,6051,amet sem fusce consequat nulla nisl nunc nisl duis bibendum felis sed interdum venenatis turpis enim blandit mi in,Beauty,11,306.73,3374.03,Credit Card
798,11/4/2025,7,Camargo,6572,risus praesent lectus vestibulum quam sapien varius ut blandit non interdum in ante vestibulum ante ipsum primis in,Clothing,16,194.06,3104.96,Mobile Payment
799,7/10/2025,1,Phan Thong,8705,non mattis pulvinar nulla pede ullamcorper augue a suscipit nulla elit ac nulla sed vel enim,Sports,6,258.4,1550.4,Cash
800,9/17/2025,1,Laxiong,2432,blandit non interdum in ante vestibulum ante ipsum primis in faucibus orci luctus,Sports,7,187.1,1309.7,Mobile Payment
801,11/20/2025,4,Huilong,2019,in lectus pellentesque at nulla suspendisse potenti cras in purus eu,Sports,5,167.35,836.75,Mobile Payment
802,11/5/2025,5,Krasnyy Lyman,4974,sapien arcu sed augue aliquam erat volutpat in congue etiam justo etiam pretium iaculis justo in hac habitasse platea,Sports,13,65.06,845.78,Credit Card
803,9/6/2025,8,Senj,7191,ligula sit amet eleifend pede libero quis orci nullam molestie nibh in lectus,Electronics,5,250.45,1252.25,Debit Card
804,6/10/2025,4,Kishk-e Nakhūd,6824,aliquam sit amet diam in magna bibendum imperdiet nullam orci,Home & Kitchen,6,298.72,1792.32,Mobile Payment
805,7/25/2025,4,Īz̄eh,6354,felis sed lacus morbi sem mauris laoreet ut rhoncus aliquet pulvinar sed nisl nunc rhoncus dui,Beauty,5,19.84,99.2,Cash
806,11/20/2025,10,Fairbanks,9602,primis in faucibus orci luctus et ultrices posuere cubilia curae nulla dapibus dolor vel est,Beauty,7,361.04,2527.28,Debit Card
807,5/10/2025,8,Alegrete,7875,tristique in tempus sit amet sem fusce consequat nulla nisl,Sports,9,192.59,1733.31,Cash
808,12/17/2025,4,Dulian,4576,dis parturient montes nascetur ridiculus mus etiam vel augue vestibulum rutrum rutrum neque aenean auctor gravida sem praesent id,Sports,10,486.14,4861.4,Credit Card
809,12/3/2025,6,Den Chai,2023,nec molestie sed justo pellentesque viverra pede ac diam cras pellentesque volutpat dui maecenas tristique est et tempus,Electronics,20,243.3,4866.0,Mobile Payment
810,5/2/2025,1,Semenivka,7315,tellus in sagittis dui vel nisl duis ac nibh fusce lacus purus aliquet at,Electronics,5,46.79,233.95,Debit Card
811,12/18/2025,4,Colonia Elía,7574,suscipit a feugiat et eros vestibulum ac est lacinia nisi venenatis tristique fusce,Beauty,11,487.86,5366.46,Credit Card
812,6/16/2025,1,Columbus,9451,sed magna at nunc commodo placerat praesent blandit nam nulla,Clothing,16,352.93,5646.88,Debit Card
813,9/13/2025,10,Wolomarang,8598,duis consequat dui nec nisi volutpat eleifend donec ut dolor morbi vel lectus in quam fringilla rhoncus,Beauty,16,324.23,5187.68,Credit Card
814,2/17/2026,2,Santa Maria,6653,ante ipsum primis in faucibus orci luctus et ultrices posuere cubilia curae nulla dapibus dolor vel est donec odio justo,Beauty,6,421.86,2531.16,Debit Card
815,4/13/2025,10,Blora,3502,pellentesque viverra pede ac diam cras pellentesque volutpat dui maecenas tristique est et,Beauty,14,103.0,1442.0,Credit Card
816,12/9/2025,7,Miskolc,7175,justo in hac habitasse platea dictumst etiam faucibus cursus urna ut tellus nulla ut erat id,Clothing,8,347.28,2778.24,Debit Card
817,2/17/2026,5,Vale de Touros,5371,tempus vel pede morbi porttitor lorem id ligula suspendisse ornare consequat lectus in est risus,Home & Kitchen,18,168.71,3036.78,Mobile Payment
818,2/9/2026,8,Guyi,3912,rhoncus aliquet pulvinar sed nisl nunc rhoncus dui vel sem sed sagittis nam congue risus semper porta,Clothing,5,164.96,824.8,Debit Card
819,4/30/2025,1,Rancho Nuevo,4986,rhoncus dui vel sem sed sagittis nam congue risus semper porta volutpat quam pede lobortis,Clothing,3,365.39,1096.17,Debit Card
820,8/14/2025,9,Pozuzo,4839,odio justo sollicitudin ut suscipit a feugiat et eros vestibulum ac est lacinia nisi venenatis tristique fusce congue diam id,Sports,10,229.91,2299.1,Credit Card
821,4/12/2026,9,Asyūţ,4374,ullamcorper augue a suscipit nulla elit ac nulla sed vel enim sit amet nunc viverra dapibus nulla suscipit ligula in,Beauty,4,254.91,1019.64,Credit Card
822,12/28/2025,3,Guatimozín,7829,luctus et ultrices posuere cubilia curae mauris viverra diam vitae quam suspendisse potenti,Sports,2,246.41,492.82,Credit Card
823,10/4/2025,4,Mandaon,7846,sapien dignissim vestibulum vestibulum ante ipsum primis in faucibus orci,Electronics,12,409.04,4908.48,Mobile Payment
824,5/1/2026,7,K Bang,1990,sit amet turpis elementum ligula vehicula consequat morbi a ipsum integer a nibh in quis justo maecenas rhoncus,Clothing,16,304.72,4875.52,Mobile Payment
825,3/9/2026,5,El Aguacate,7285,integer ac leo pellentesque ultrices mattis odio donec vitae nisi nam ultrices libero non,Electronics,2,441.66,883.32,Mobile Payment
826,5/25/2025,3,Faranah,8431,et magnis dis parturient montes nascetur ridiculus mus etiam vel augue vestibulum rutrum rutrum neque aenean auctor gravida,Beauty,3,26.91,80.73,Credit Card
827,10/21/2025,7,Aţ Ţawāḩīn,9368,nulla ac enim in tempor turpis nec euismod scelerisque quam turpis adipiscing lorem vitae,Home & Kitchen,18,167.93,3022.74,Cash
828,6/26/2025,7,Rozhnyativ,6759,suspendisse potenti cras in purus eu magna vulputate luctus cum sociis natoque penatibus et magnis dis,Clothing,17,104.12,1770.04,Debit Card
829,3/20/2026,3,Biltine,9578,vivamus metus arcu adipiscing molestie hendrerit at vulputate vitae nisl aenean lectus pellentesque eget nunc donec quis orci eget orci,Clothing,8,201.4,1611.2,Cash
830,1/11/2026,9,Ash Sharyah,5723,at velit vivamus vel nulla eget eros elementum pellentesque quisque porta volutpat erat quisque erat eros viverra eget congue,Home & Kitchen,13,272.89,3547.57,Mobile Payment
831,1/27/2026,5,Jankovec,8845,a ipsum integer a nibh in quis justo maecenas rhoncus aliquam lacus morbi quis tortor,Home & Kitchen,12,456.83,5481.96,Credit Card
832,5/31/2025,7,Chernyakhovsk,2950,nec sem duis aliquam convallis nunc proin at turpis a pede posuere nonummy integer non velit donec diam neque,Clothing,20,140.55,2811.0,Credit Card
833,7/13/2025,7,Xumai,3619,aliquet at feugiat non pretium quis lectus suspendisse potenti in eleifend,Home & Kitchen,20,490.85,9817.0,Credit Card
834,11/22/2025,7,Gävle,9216,vitae consectetuer eget rutrum at lorem integer tincidunt ante vel ipsum praesent blandit lacinia erat,Electronics,4,392.24,1568.96,Cash
835,4/2/2025,3,Pankovka,9513,elementum eu interdum eu tincidunt in leo maecenas pulvinar lobortis est phasellus sit amet erat nulla tempus vivamus,Sports,5,378.56,1892.8,Credit Card
836,5/30/2025,3,Wādī as Sīr,8077,ridiculus mus vivamus vestibulum sagittis sapien cum sociis natoque penatibus et magnis dis,Home & Kitchen,13,140.5,1826.5,Cash
837,7/16/2025,7,Kraljevica,7158,quam sapien varius ut blandit non interdum in ante vestibulum,Home & Kitchen,8,258.46,2067.68,Mobile Payment
838,11/24/2025,4,Kalunan,4799,magnis dis parturient montes nascetur ridiculus mus etiam vel augue vestibulum rutrum rutrum,Clothing,4,333.79,1335.16,Credit Card
839,1/1/2026,7,Figueiró dos Vinhos,2533,vel pede morbi porttitor lorem id ligula suspendisse ornare consequat lectus in est risus auctor sed tristique in,Beauty,12,393.87,4726.44,Mobile Payment
840,4/12/2025,8,Ra-ngae,9282,ultrices posuere cubilia curae nulla dapibus dolor vel est donec odio justo,Sports,11,483.11,5314.21,Credit Card
841,8/4/2025,5,Chaumont,5816,nunc commodo placerat praesent blandit nam nulla integer pede justo lacinia eget,Beauty,6,99.43,596.58,Debit Card
842,1/11/2026,8,Narva-Jõesuu,7115,in hac habitasse platea dictumst maecenas ut massa quis augue luctus tincidunt nulla mollis molestie lorem quisque ut,Clothing,7,365.44,2558.08,Debit Card
843,10/31/2025,1,Laizhou,8864,sed vestibulum sit amet cursus id turpis integer aliquet massa id lobortis,Electronics,11,268.82,2957.02,Mobile Payment
844,7/28/2025,4,Bourg-en-Bresse,3066,curae mauris viverra diam vitae quam suspendisse potenti nullam porttitor lacus at turpis donec posuere metus vitae ipsum aliquam non,Home & Kitchen,19,125.64,2387.16,Cash
845,11/3/2025,1,Calumpit,9479,viverra dapibus nulla suscipit ligula in lacus curabitur at ipsum ac tellus semper interdum mauris,Clothing,7,357.23,2500.61,Mobile Payment
846,9/17/2025,9,Nîmes,8382,donec ut dolor morbi vel lectus in quam fringilla rhoncus mauris enim leo rhoncus sed vestibulum sit amet,Home & Kitchen,3,186.79,560.37,Debit Card
847,12/15/2025,2,Tingsiqiao,8588,vestibulum eget vulputate ut ultrices vel augue vestibulum ante ipsum primis in faucibus orci luctus,Clothing,14,173.29,2426.06,Debit Card
848,3/11/2026,2,Fenhe,4855,pharetra magna ac consequat metus sapien ut nunc vestibulum ante ipsum primis in faucibus orci,Sports,1,165.01,165.01,Mobile Payment
849,4/14/2025,6,Līvāni,5756,porttitor pede justo eu massa donec dapibus duis at velit eu,Electronics,19,313.27,5952.13,Cash
850,4/15/2026,6,Liulang,9696,rutrum nulla nunc purus phasellus in felis donec semper sapien a libero nam dui proin leo odio porttitor,Clothing,7,130.85,915.95,Debit Card
851,5/4/2026,3,Limboto,4420,viverra pede ac diam cras pellentesque volutpat dui maecenas tristique est et tempus semper est quam,Clothing,16,89.61,1433.76,Debit Card
852,5/10/2025,6,P’yŏngsŏng,3602,enim blandit mi in porttitor pede justo eu massa donec dapibus duis at velit eu est congue,Beauty,11,227.92,2507.12,Credit Card
853,6/27/2025,2,Sonorejo,4790,elit sodales scelerisque mauris sit amet eros suspendisse accumsan tortor quis turpis sed,Home & Kitchen,1,446.62,446.62,Mobile Payment
854,7/9/2025,6,Kabare,8252,at feugiat non pretium quis lectus suspendisse potenti in eleifend quam a odio in hac habitasse platea dictumst maecenas ut,Home & Kitchen,7,458.42,3208.94,Debit Card
855,4/17/2025,2,Lamawan,8175,vestibulum sed magna at nunc commodo placerat praesent blandit nam nulla integer pede,Electronics,15,220.02,3300.3,Debit Card
856,4/22/2026,1,Samayac,1542,augue vestibulum rutrum rutrum neque aenean auctor gravida sem praesent id massa id nisl venenatis lacinia aenean sit amet,Home & Kitchen,13,473.49,6155.37,Debit Card
857,1/6/2026,6,El Progreso,9922,in leo maecenas pulvinar lobortis est phasellus sit amet erat nulla tempus vivamus in felis eu sapien cursus vestibulum proin,Sports,1,238.95,238.95,Debit Card
858,4/27/2026,8,Lutou,1174,sapien urna pretium nisl ut volutpat sapien arcu sed augue aliquam erat volutpat in congue,Sports,15,217.9,3268.5,Debit Card
859,11/7/2025,10,Punta de Bombón,8934,justo in blandit ultrices enim lorem ipsum dolor sit amet consectetuer adipiscing elit proin,Clothing,7,247.0,1729.0,Cash
860,12/17/2025,2,Montes Velhos,6181,pellentesque eget nunc donec quis orci eget orci vehicula condimentum,Electronics,6,416.38,2498.28,Debit Card
861,8/12/2025,8,Chuanpu,9618,leo rhoncus sed vestibulum sit amet cursus id turpis integer aliquet massa id lobortis,Beauty,7,428.1,2996.7,Cash
862,5/27/2025,6,Parigi,3409,nisi nam ultrices libero non mattis pulvinar nulla pede ullamcorper,Clothing,8,285.87,2286.96,Mobile Payment
863,10/14/2025,9,Marseille,2672,curabitur gravida nisi at nibh in hac habitasse platea dictumst aliquam augue quam sollicitudin vitae consectetuer eget rutrum at lorem,Beauty,9,336.14,3025.26,Debit Card
864,1/2/2026,8,Rodez,7282,mauris laoreet ut rhoncus aliquet pulvinar sed nisl nunc rhoncus dui vel,Beauty,19,429.22,8155.18,Cash
865,3/18/2026,3,Tarakaniv,7389,vivamus vestibulum sagittis sapien cum sociis natoque penatibus et magnis dis parturient montes nascetur,Beauty,11,240.32,2643.52,Credit Card
866,4/27/2026,10,Gibara,9143,donec posuere metus vitae ipsum aliquam non mauris morbi non lectus aliquam sit amet diam in magna,Beauty,19,98.34,1868.46,Mobile Payment
867,8/20/2025,1,Ždánice,1180,integer ac leo pellentesque ultrices mattis odio donec vitae nisi nam ultrices libero non mattis pulvinar nulla pede ullamcorper augue,Sports,14,187.3,2622.2,Mobile Payment
868,11/12/2025,1,Ouahigouya,8221,nisl duis bibendum felis sed interdum venenatis turpis enim blandit,Sports,3,162.54,487.62,Cash
869,12/31/2025,10,Qorveh,4428,ut nulla sed accumsan felis ut at dolor quis odio,Beauty,20,461.75,9235.0,Mobile Payment
870,4/20/2026,7,Semey,4377,enim lorem ipsum dolor sit amet consectetuer adipiscing elit proin interdum mauris non ligula pellentesque ultrices,Clothing,13,47.25,614.25,Mobile Payment
871,10/20/2025,2,Titao,3039,suscipit nulla elit ac nulla sed vel enim sit amet nunc viverra dapibus,Clothing,20,325.14,6502.8,Debit Card
872,5/20/2025,9,Siedlce,9659,maecenas tincidunt lacus at velit vivamus vel nulla eget eros elementum pellentesque,Electronics,13,290.7,3779.1,Mobile Payment
873,12/12/2025,8,Volzhskiy,8418,lorem quisque ut erat curabitur gravida nisi at nibh in hac habitasse platea dictumst aliquam augue quam sollicitudin vitae consectetuer,Home & Kitchen,6,382.91,2297.46,Mobile Payment
874,2/2/2026,1,Lavia,5959,nisl duis bibendum felis sed interdum venenatis turpis enim blandit mi in porttitor pede justo eu massa donec dapibus,Electronics,5,47.74,238.7,Cash
875,12/13/2025,5,Umeå,6573,dapibus duis at velit eu est congue elementum in hac habitasse platea dictumst morbi,Sports,14,221.94,3107.16,Debit Card
876,3/29/2026,6,Łąck,6134,consectetuer adipiscing elit proin risus praesent lectus vestibulum quam sapien varius,Clothing,11,203.48,2238.28,Cash
877,11/21/2025,9,Noormarkku,7274,erat curabitur gravida nisi at nibh in hac habitasse platea dictumst,Home & Kitchen,9,250.05,2250.45,Cash
878,8/24/2025,9,Jamālpur,4381,molestie sed justo pellentesque viverra pede ac diam cras pellentesque volutpat dui maecenas tristique,Sports,14,174.02,2436.28,Debit Card
879,2/16/2026,10,Hovd,2982,duis mattis egestas metus aenean fermentum donec ut mauris eget massa tempor convallis nulla neque libero convallis eget eleifend luctus,Beauty,10,73.72,737.2,Debit Card
880,10/13/2025,10,Takasaki,4273,porttitor lacus at turpis donec posuere metus vitae ipsum aliquam non mauris morbi non lectus aliquam sit amet diam,Sports,12,418.61,5023.32,Credit Card
881,11/26/2025,6,Jatisari,1674,parturient montes nascetur ridiculus mus etiam vel augue vestibulum rutrum,Clothing,16,492.43,7878.88,Debit Card
882,11/10/2025,8,Papineauville,8971,ipsum dolor sit amet consectetuer adipiscing elit proin risus praesent lectus vestibulum quam sapien varius ut,Electronics,1,144.89,144.89,Debit Card
883,11/17/2025,8,Tampa,1953,duis bibendum felis sed interdum venenatis turpis enim blandit mi in porttitor pede justo eu massa donec,Sports,11,377.99,4157.89,Debit Card
884,9/15/2025,8,Cha’anpu,4836,curae nulla dapibus dolor vel est donec odio justo sollicitudin ut,Sports,20,166.89,3337.8,Cash
885,3/10/2026,1,Los Andes,1535,est lacinia nisi venenatis tristique fusce congue diam id ornare imperdiet sapien urna pretium nisl ut volutpat sapien,Sports,4,9.47,37.88,Mobile Payment
886,5/22/2025,1,Quito,8405,nisl duis ac nibh fusce lacus purus aliquet at feugiat non pretium quis,Electronics,14,262.53,3675.42,Credit Card
887,5/29/2025,7,San Pablo,7635,sit amet justo morbi ut odio cras mi pede malesuada in imperdiet et commodo vulputate justo in blandit ultrices,Home & Kitchen,2,38.56,77.12,Cash
888,1/24/2026,6,São Bartolomeu,7125,mauris eget massa tempor convallis nulla neque libero convallis eget eleifend luctus ultricies eu nibh quisque id justo sit amet,Beauty,7,167.23,1170.61,Credit Card
889,5/4/2025,1,Guangyi,8415,orci pede venenatis non sodales sed tincidunt eu felis fusce posuere felis sed lacus morbi sem mauris laoreet ut rhoncus,Clothing,2,307.79,615.58,Mobile Payment
890,5/6/2025,10,Pedreira,4972,vulputate elementum nullam varius nulla facilisi cras non velit nec nisi vulputate,Sports,15,317.44,4761.6,Debit Card
891,8/14/2025,8,Dashtavan,1055,erat id mauris vulputate elementum nullam varius nulla facilisi cras non,Beauty,8,485.21,3881.68,Mobile Payment
892,4/23/2026,7,Xujiadian,6151,erat curabitur gravida nisi at nibh in hac habitasse platea dictumst aliquam,Home & Kitchen,8,487.09,3896.72,Debit Card
893,3/20/2026,1,Calde,5078,sapien cursus vestibulum proin eu mi nulla ac enim in tempor turpis nec euismod scelerisque quam turpis adipiscing,Sports,20,163.73,3274.6,Mobile Payment
894,6/1/2025,7,Karangboyo,2745,nec nisi volutpat eleifend donec ut dolor morbi vel lectus in,Clothing,1,347.67,347.67,Debit Card
895,2/28/2026,4,Seputih,1885,ultrices posuere cubilia curae nulla dapibus dolor vel est donec odio justo sollicitudin ut suscipit,Sports,3,304.62,913.86,Debit Card
896,8/9/2025,10,Xihe,8510,cursus id turpis integer aliquet massa id lobortis convallis tortor risus dapibus augue vel accumsan tellus nisi,Sports,17,373.74,6353.58,Debit Card
897,10/16/2025,7,Kirkop,3001,varius integer ac leo pellentesque ultrices mattis odio donec vitae nisi nam ultrices libero non mattis,Beauty,17,224.52,3816.84,Debit Card
898,4/28/2026,8,Kunri,8974,accumsan tortor quis turpis sed ante vivamus tortor duis mattis egestas metus aenean fermentum donec ut mauris eget,Electronics,17,462.06,7855.02,Mobile Payment
899,12/30/2025,3,Banjar Dukuh,2403,justo etiam pretium iaculis justo in hac habitasse platea dictumst etiam faucibus cursus urna ut tellus nulla ut erat id,Beauty,18,232.63,4187.34,Mobile Payment
900,3/27/2026,5,Terney,9721,suspendisse ornare consequat lectus in est risus auctor sed tristique in tempus sit amet sem fusce,Electronics,8,129.97,1039.76,Debit Card
901,1/15/2026,2,Maji,3654,tellus semper interdum mauris ullamcorper purus sit amet nulla quisque arcu libero rutrum ac lobortis,Sports,10,175.09,1750.9,Cash
902,5/15/2025,1,Villa Verde,6141,ultrices posuere cubilia curae nulla dapibus dolor vel est donec odio justo sollicitudin ut suscipit,Beauty,19,55.96,1063.24,Cash
903,3/21/2026,1,Lojigawaran,8585,rhoncus dui vel sem sed sagittis nam congue risus semper porta volutpat quam pede lobortis,Home & Kitchen,2,267.17,534.34,Debit Card
904,5/1/2025,5,Vrbovec,1199,risus auctor sed tristique in tempus sit amet sem fusce consequat nulla nisl nunc nisl duis,Beauty,4,87.6,350.4,Mobile Payment
905,5/4/2025,1,Stalís,7046,volutpat sapien arcu sed augue aliquam erat volutpat in congue etiam justo etiam pretium iaculis justo in hac habitasse platea,Sports,3,379.57,1138.71,Debit Card
906,5/10/2025,8,Falköping,3957,velit eu est congue elementum in hac habitasse platea dictumst morbi vestibulum velit id pretium iaculis diam erat fermentum justo,Electronics,1,304.35,304.35,Cash
907,11/3/2025,6,Kořenov,4137,eros elementum pellentesque quisque porta volutpat erat quisque erat eros viverra,Electronics,13,404.36,5256.68,Mobile Payment
908,8/9/2025,1,Vacenovice,4073,turpis nec euismod scelerisque quam turpis adipiscing lorem vitae mattis nibh ligula nec sem duis aliquam convallis nunc proin at,Beauty,8,253.24,2025.92,Cash
909,7/30/2025,10,Miaoyu,6833,mi sit amet lobortis sapien sapien non mi integer ac neque duis bibendum morbi non quam nec,Sports,3,60.89,182.67,Debit Card
910,2/20/2026,7,Uherské Hradiště,5521,purus aliquet at feugiat non pretium quis lectus suspendisse potenti in eleifend,Clothing,17,413.32,7026.44,Mobile Payment
911,4/10/2025,3,Goraj,4751,non mattis pulvinar nulla pede ullamcorper augue a suscipit nulla elit ac nulla sed vel enim,Electronics,4,372.78,1491.12,Credit Card
912,8/16/2025,10,Tworków,1625,tellus nisi eu orci mauris lacinia sapien quis libero nullam sit amet turpis elementum ligula,Beauty,18,397.28,7151.04,Credit Card
913,5/29/2025,2,Dangcalan,6061,penatibus et magnis dis parturient montes nascetur ridiculus mus etiam vel,Beauty,2,362.95,725.9,Cash
914,9/25/2025,2,Campos,8578,nascetur ridiculus mus etiam vel augue vestibulum rutrum rutrum neque aenean,Electronics,19,156.58,2975.02,Cash
915,11/2/2025,4,Ralung,7862,pretium iaculis diam erat fermentum justo nec condimentum neque sapien placerat ante nulla justo aliquam,Home & Kitchen,7,477.88,3345.16,Cash
916,4/10/2026,10,Aţ Ţaybah,6964,magnis dis parturient montes nascetur ridiculus mus vivamus vestibulum sagittis sapien cum sociis natoque penatibus et magnis dis parturient montes,Beauty,12,476.5,5718.0,Cash
917,2/3/2026,5,Xixiang,1856,habitasse platea dictumst maecenas ut massa quis augue luctus tincidunt nulla mollis molestie lorem quisque ut erat,Clothing,2,223.84,447.68,Debit Card
918,7/5/2025,3,Keputran,1107,luctus et ultrices posuere cubilia curae nulla dapibus dolor vel est donec odio justo sollicitudin ut suscipit a feugiat,Electronics,19,339.06,6442.14,Credit Card
919,12/2/2025,7,Otavi,8273,vel lectus in quam fringilla rhoncus mauris enim leo rhoncus sed,Clothing,16,462.41,7398.56,Credit Card
920,4/30/2026,3,Binangun,7446,mi pede malesuada in imperdiet et commodo vulputate justo in blandit ultrices,Clothing,15,139.18,2087.7,Debit Card
921,3/1/2026,2,Langgapayung,4034,pede lobortis ligula sit amet eleifend pede libero quis orci nullam molestie nibh in lectus pellentesque at nulla suspendisse potenti,Clothing,2,498.2,996.4,Cash
922,4/23/2025,2,Ereira,4714,platea dictumst etiam faucibus cursus urna ut tellus nulla ut,Beauty,11,217.87,2396.57,Cash
923,4/9/2025,4,Roanne,1843,duis mattis egestas metus aenean fermentum donec ut mauris eget massa tempor convallis nulla neque libero convallis eget eleifend,Home & Kitchen,14,87.5,1225.0,Mobile Payment
924,6/13/2025,3,Ar Ruḩaybah,3793,ut blandit non interdum in ante vestibulum ante ipsum primis in faucibus orci luctus et,Clothing,3,379.12,1137.36,Cash
925,10/11/2025,5,Ribeirinha,8234,tristique in tempus sit amet sem fusce consequat nulla nisl nunc,Clothing,12,27.12,325.44,Cash
926,1/15/2026,4,Hyesan-dong,1630,vestibulum velit id pretium iaculis diam erat fermentum justo nec condimentum neque sapien placerat ante nulla justo,Clothing,12,484.74,5816.88,Cash
927,1/31/2026,8,Caminauit,1068,semper rutrum nulla nunc purus phasellus in felis donec semper sapien a libero nam dui proin leo odio,Electronics,8,410.48,3283.84,Debit Card
928,12/17/2025,6,Losino-Petrovskiy,9455,tellus nisi eu orci mauris lacinia sapien quis libero nullam sit amet turpis elementum ligula vehicula consequat morbi a ipsum,Beauty,1,472.61,472.61,Mobile Payment
929,5/4/2025,4,Palmas,9348,justo pellentesque viverra pede ac diam cras pellentesque volutpat dui maecenas tristique est et tempus semper est,Electronics,16,112.4,1798.4,Mobile Payment
930,3/9/2026,2,Cruces,6715,metus vitae ipsum aliquam non mauris morbi non lectus aliquam sit amet diam in magna bibendum imperdiet,Electronics,14,265.67,3719.38,Debit Card
931,2/18/2026,6,Orzech,3194,neque sapien placerat ante nulla justo aliquam quis turpis eget elit sodales scelerisque,Clothing,13,273.39,3554.07,Mobile Payment
932,1/4/2026,2,Laventure,9477,faucibus orci luctus et ultrices posuere cubilia curae duis faucibus accumsan odio curabitur convallis duis consequat dui nec nisi volutpat,Clothing,12,394.56,4734.72,Debit Card
933,2/17/2026,3,Sanxing,9329,leo pellentesque ultrices mattis odio donec vitae nisi nam ultrices libero non mattis pulvinar nulla pede ullamcorper augue a suscipit,Sports,2,441.84,883.68,Cash
934,3/12/2026,6,Destrnik,4787,ultrices enim lorem ipsum dolor sit amet consectetuer adipiscing elit proin interdum mauris non ligula pellentesque,Beauty,1,190.34,190.34,Cash
935,11/24/2025,9,Mangaran,9422,eget massa tempor convallis nulla neque libero convallis eget eleifend luctus ultricies eu nibh quisque id,Beauty,4,466.68,1866.72,Cash
936,1/2/2026,3,Al Khānkah,4276,vel lectus in quam fringilla rhoncus mauris enim leo rhoncus,Electronics,2,277.61,555.22,Credit Card
937,1/28/2026,2,Jesús María,6037,in sapien iaculis congue vivamus metus arcu adipiscing molestie hendrerit at,Sports,12,365.1,4381.2,Credit Card
938,7/29/2025,5,Kafr Qūd,2185,ac leo pellentesque ultrices mattis odio donec vitae nisi nam ultrices libero non,Beauty,1,246.27,246.27,Mobile Payment
939,8/20/2025,8,Vällingby,1828,fusce posuere felis sed lacus morbi sem mauris laoreet ut rhoncus aliquet pulvinar sed nisl nunc,Sports,3,267.96,803.88,Debit Card
940,12/5/2025,6,Karangsuko,1786,at velit eu est congue elementum in hac habitasse platea dictumst morbi vestibulum velit id,Electronics,1,335.4,335.4,Debit Card
941,10/9/2025,1,Hongqi,9367,felis sed interdum venenatis turpis enim blandit mi in porttitor pede justo,Clothing,8,333.25,2666.0,Mobile Payment
942,4/16/2026,10,Taltal,6343,ut blandit non interdum in ante vestibulum ante ipsum primis in faucibus orci luctus et ultrices posuere cubilia curae,Beauty,19,247.48,4702.12,Credit Card
943,9/21/2025,10,Lianrao,7291,orci luctus et ultrices posuere cubilia curae mauris viverra diam vitae quam suspendisse potenti,Electronics,16,279.5,4472.0,Credit Card
944,6/1/2025,3,Santa Cruz do Rio Pardo,6534,lectus pellentesque eget nunc donec quis orci eget orci vehicula condimentum curabitur in libero ut massa volutpat convallis morbi,Clothing,4,421.22,1684.88,Mobile Payment
945,10/16/2025,2,Debre Werk’,1850,sit amet sapien dignissim vestibulum vestibulum ante ipsum primis in,Beauty,2,31.02,62.04,Debit Card
946,10/5/2025,10,Laocheng,8971,tortor risus dapibus augue vel accumsan tellus nisi eu orci mauris lacinia sapien quis libero nullam sit amet turpis elementum,Home & Kitchen,13,308.57,4011.41,Mobile Payment
947,5/8/2025,1,Severomorsk,1946,libero nullam sit amet turpis elementum ligula vehicula consequat morbi a ipsum integer,Electronics,14,52.04,728.56,Cash
948,1/14/2026,6,Avignon,6984,dapibus nulla suscipit ligula in lacus curabitur at ipsum ac tellus semper interdum mauris ullamcorper purus sit,Electronics,1,36.89,36.89,Cash
949,6/23/2025,4,Aghada,4195,vel accumsan tellus nisi eu orci mauris lacinia sapien quis libero nullam sit amet turpis,Sports,1,340.6,340.6,Credit Card
950,5/7/2025,2,Zhongguan,4709,bibendum morbi non quam nec dui luctus rutrum nulla tellus in sagittis dui vel nisl,Electronics,4,498.34,1993.36,Mobile Payment
951,4/9/2025,6,Montalvo,7591,magna vulputate luctus cum sociis natoque penatibus et magnis dis parturient montes nascetur ridiculus,Electronics,5,385.28,1926.4,Cash
952,4/10/2025,8,Santo Antônio do Amparo,1846,eros elementum pellentesque quisque porta volutpat erat quisque erat eros viverra eget congue eget semper rutrum,Clothing,10,331.96,3319.6,Mobile Payment
953,4/24/2025,6,Xinmin,5522,tincidunt in leo maecenas pulvinar lobortis est phasellus sit amet erat nulla tempus vivamus,Beauty,7,499.24,3494.68,Cash
954,2/21/2026,2,Chugur,6392,aliquet at feugiat non pretium quis lectus suspendisse potenti in eleifend quam,Sports,10,292.27,2922.7,Debit Card
955,5/16/2025,9,Obando,2910,tincidunt in leo maecenas pulvinar lobortis est phasellus sit amet,Sports,16,140.4,2246.4,Cash
956,5/17/2025,1,Osby,5120,ac leo pellentesque ultrices mattis odio donec vitae nisi nam ultrices libero non mattis pulvinar nulla pede ullamcorper augue a,Clothing,10,322.64,3226.4,Cash
957,12/13/2025,4,Woodford Hill,5762,eget eros elementum pellentesque quisque porta volutpat erat quisque erat,Sports,10,302.7,3027.0,Debit Card
958,7/16/2025,8,Diveyevo,5926,augue quam sollicitudin vitae consectetuer eget rutrum at lorem integer tincidunt ante vel ipsum praesent blandit lacinia erat vestibulum,Clothing,20,202.97,4059.4,Cash
959,8/30/2025,2,Rawa,4980,tempus vivamus in felis eu sapien cursus vestibulum proin eu mi nulla,Clothing,19,62.11,1180.09,Credit Card
960,6/28/2025,2,Dolores,3566,sed lacus morbi sem mauris laoreet ut rhoncus aliquet pulvinar sed nisl,Clothing,19,246.78,4688.82,Credit Card
961,1/18/2026,9,Stockholm,6099,nulla pede ullamcorper augue a suscipit nulla elit ac nulla sed vel enim sit amet nunc viverra dapibus nulla suscipit,Home & Kitchen,2,134.94,269.88,Mobile Payment
962,3/6/2026,6,Gaotai,1790,curabitur gravida nisi at nibh in hac habitasse platea dictumst aliquam,Home & Kitchen,13,364.36,4736.68,Mobile Payment
963,6/24/2025,4,Qintong,9848,hac habitasse platea dictumst aliquam augue quam sollicitudin vitae consectetuer eget rutrum at lorem integer tincidunt ante,Clothing,1,493.03,493.03,Credit Card
964,1/3/2026,2,Novokayakent,7651,porttitor id consequat in consequat ut nulla sed accumsan felis ut at dolor quis odio consequat varius integer ac leo,Electronics,11,34.49,379.39,Mobile Payment
965,3/8/2026,10,Bao’an,7502,leo odio condimentum id luctus nec molestie sed justo pellentesque viverra pede ac,Sports,16,457.72,7323.52,Credit Card
966,6/4/2025,1,Lamalera,9488,ligula in lacus curabitur at ipsum ac tellus semper interdum mauris ullamcorper purus sit amet nulla quisque arcu,Clothing,18,350.14,6302.52,Debit Card
967,4/18/2026,6,New York City,7756,in faucibus orci luctus et ultrices posuere cubilia curae mauris viverra diam vitae quam suspendisse potenti nullam,Clothing,7,439.8,3078.6,Debit Card
968,7/24/2025,7,Cukalat,6843,odio justo sollicitudin ut suscipit a feugiat et eros vestibulum ac,Electronics,8,85.29,682.32,Cash
969,5/3/2026,7,Carson City,7073,donec vitae nisi nam ultrices libero non mattis pulvinar nulla pede ullamcorper augue a,Beauty,19,335.11,6367.09,Cash
970,11/24/2025,8,Nizhnyaya Salda,3232,platea dictumst etiam faucibus cursus urna ut tellus nulla ut erat id,Home & Kitchen,7,257.42,1801.94,Mobile Payment
971,6/23/2025,6,Hodoš,8812,ut nulla sed accumsan felis ut at dolor quis odio consequat varius integer ac leo pellentesque,Electronics,9,481.26,4331.34,Credit Card
972,5/10/2025,1,Salto,1097,condimentum neque sapien placerat ante nulla justo aliquam quis turpis eget elit sodales,Home & Kitchen,17,295.95,5031.15,Debit Card
973,12/8/2025,4,Bombon,5631,at nibh in hac habitasse platea dictumst aliquam augue quam sollicitudin vitae consectetuer eget,Home & Kitchen,18,117.69,2118.42,Credit Card
974,7/31/2025,10,Ferme-Neuve,5812,amet sapien dignissim vestibulum vestibulum ante ipsum primis in faucibus orci luctus et ultrices posuere cubilia curae nulla,Beauty,9,266.23,2396.07,Debit Card
975,4/2/2025,1,Kamensk-Ural’skiy,2088,ipsum integer a nibh in quis justo maecenas rhoncus aliquam lacus morbi quis,Sports,4,130.32,521.28,Credit Card
976,12/29/2025,8,Gaofeng,9900,aliquet massa id lobortis convallis tortor risus dapibus augue vel accumsan,Home & Kitchen,10,124.69,1246.9,Cash
977,10/1/2025,3,El Charco,6217,rutrum neque aenean auctor gravida sem praesent id massa id nisl venenatis lacinia,Sports,5,391.55,1957.75,Credit Card
978,6/4/2025,5,Ngangpo,3937,lacus at turpis donec posuere metus vitae ipsum aliquam non,Sports,4,379.02,1516.08,Credit Card
979,10/19/2025,4,Persen,3596,in consequat ut nulla sed accumsan felis ut at dolor quis odio consequat varius integer,Beauty,20,465.94,9318.8,Mobile Payment
980,11/29/2025,9,Aguazul,6397,velit nec nisi vulputate nonummy maecenas tincidunt lacus at velit vivamus vel nulla eget eros elementum pellentesque quisque porta,Clothing,20,481.05,9621.0,Credit Card
981,9/23/2025,6,Atakpamé,2810,ut nulla sed accumsan felis ut at dolor quis odio consequat varius integer ac leo pellentesque ultrices mattis odio donec,Home & Kitchen,9,191.13,1720.17,Mobile Payment
982,4/20/2025,2,Margotuhu Kidul,7929,ac tellus semper interdum mauris ullamcorper purus sit amet nulla quisque arcu libero rutrum ac lobortis vel dapibus at,Electronics,7,210.69,1474.83,Mobile Payment
983,9/26/2025,3,Mae Hi,5851,amet erat nulla tempus vivamus in felis eu sapien cursus vestibulum proin eu mi nulla ac enim,Electronics,2,10.58,21.16,Mobile Payment
984,2/20/2026,4,Patique,7827,dui maecenas tristique est et tempus semper est quam pharetra magna ac consequat metus sapien ut nunc vestibulum ante,Sports,15,134.41,2016.15,Cash
985,7/7/2025,3,Condado,8032,amet sem fusce consequat nulla nisl nunc nisl duis bibendum felis sed interdum,Beauty,13,42.5,552.5,Debit Card
986,6/20/2025,1,Benito Juarez,1327,faucibus cursus urna ut tellus nulla ut erat id mauris vulputate elementum nullam varius nulla facilisi,Home & Kitchen,18,259.99,4679.82,Credit Card
987,11/16/2025,1,Usa River,6837,id pretium iaculis diam erat fermentum justo nec condimentum neque sapien,Home & Kitchen,7,301.21,2108.47,Mobile Payment
988,10/29/2025,10,Staroshcherbinovskaya,1477,nulla eget eros elementum pellentesque quisque porta volutpat erat quisque erat eros viverra eget congue,Sports,3,408.23,1224.69,Credit Card
989,10/2/2025,10,Capela,3031,vestibulum ante ipsum primis in faucibus orci luctus et ultrices posuere cubilia curae,Home & Kitchen,18,450.31,8105.58,Cash
990,2/26/2026,2,Lapinjärvi,1476,cubilia curae donec pharetra magna vestibulum aliquet ultrices erat tortor sollicitudin mi sit,Beauty,7,350.26,2451.82,Credit Card
991,1/1/2026,1,Nanmen,5340,at turpis donec posuere metus vitae ipsum aliquam non mauris morbi non,Electronics,9,395.16,3556.44,Cash
992,5/20/2025,8,Granadero Baigorria,2359,massa volutpat convallis morbi odio odio elementum eu interdum eu,Sports,7,175.33,1227.31,Cash
993,1/14/2026,6,Stepnogorsk,3733,risus praesent lectus vestibulum quam sapien varius ut blandit non interdum in ante vestibulum ante ipsum primis in faucibus,Home & Kitchen,18,297.71,5358.78,Debit Card
994,2/3/2026,2,Fermoy,7926,quam fringilla rhoncus mauris enim leo rhoncus sed vestibulum sit,Clothing,15,456.37,6845.55,Mobile Payment
995,5/1/2025,10,Rueil-Malmaison,6346,pellentesque eget nunc donec quis orci eget orci vehicula condimentum curabitur in libero ut massa volutpat,Electronics,9,290.39,2613.51,Debit Card
996,4/22/2025,6,Lamalera,5815,erat eros viverra eget congue eget semper rutrum nulla nunc,Sports,8,300.93,2407.44,Debit Card
997,6/20/2025,1,Al Karmil,3393,feugiat non pretium quis lectus suspendisse potenti in eleifend quam a odio in hac habitasse platea dictumst,Home & Kitchen,19,177.6,3374.4,Mobile Payment
998,11/30/2025,6,Alfeizerão,5468,vehicula consequat morbi a ipsum integer a nibh in quis justo maecenas rhoncus aliquam lacus,Beauty,16,93.0,1488.0,Mobile Payment
999,9/3/2025,7,Stockholm,1787,eleifend pede libero quis orci nullam molestie nibh in lectus pellentesque at nulla suspendisse potenti,Clothing,2,184.43,368.86,Credit Card
1000,9/13/2025,1,Inawashiro,7431,consectetuer adipiscing elit proin interdum mauris non ligula pellentesque ultrices phasellus id sapien in sapien iaculis congue,Clothing,17,136.18,2315.06,Mobile Payment
